-- phpMyAdmin SQL Dump
-- version 5.2.1
-- https://www.phpmyadmin.net/
--
-- Host: localhost
-- Erstellungszeit: 23. Nov 2024 um 17:57
-- Server-Version: 10.4.28-MariaDB
-- PHP-Version: 8.2.4

SET SQL_MODE = "NO_AUTO_VALUE_ON_ZERO";
START TRANSACTION;
SET time_zone = "+00:00";


/*!40101 SET @OLD_CHARACTER_SET_CLIENT=@@CHARACTER_SET_CLIENT */;
/*!40101 SET @OLD_CHARACTER_SET_RESULTS=@@CHARACTER_SET_RESULTS */;
/*!40101 SET @OLD_COLLATION_CONNECTION=@@COLLATION_CONNECTION */;
/*!40101 SET NAMES utf8mb4 */;

--
-- Datenbank: `fallstudie`
--

-- --------------------------------------------------------

--
-- Tabellenstruktur für Tabelle `countries`
--

CREATE TABLE `countries` (
  `id` int(11) NOT NULL,
  `name` varchar(255) NOT NULL
) ENGINE=InnoDB DEFAULT CHARSET=utf8mb4 COLLATE=utf8mb4_general_ci;

--
-- Daten für Tabelle `countries`
--

INSERT INTO `countries` (`id`, `name`) VALUES
(122, 'Afghanistan'),
(145, 'Albania'),
(33, 'Algeria'),
(173, 'Andorra'),
(55, 'Angola'),
(165, 'Antigua and Barbuda'),
(28, 'Argentina'),
(134, 'Armenia'),
(17, 'Australia'),
(58, 'Austria'),
(81, 'Azerbaijan'),
(155, 'Bahamas'),
(82, 'Bahrain'),
(41, 'Bangladesh'),
(160, 'Barbados'),
(61, 'Belarus'),
(45, 'Belgium'),
(143, 'Belize'),
(107, 'Benin'),
(190, 'Bhutan'),
(46, 'Bolivia'),
(100, 'Bosnia and Herzegovina'),
(67, 'Botswana'),
(7, 'Brazil'),
(129, 'Brunei'),
(144, 'Bulgaria'),
(86, 'Burkina Faso'),
(150, 'Burundi'),
(167, 'Cabo Verde'),
(65, 'Cambodia'),
(73, 'Cameroon'),
(11, 'Canada'),
(116, 'Central African Republic'),
(90, 'Chad'),
(87, 'Chile'),
(1, 'China'),
(34, 'Colombia'),
(168, 'Comoros'),
(105, 'Congo'),
(186, 'Cook Islands'),
(169, 'Costa Rica'),
(78, 'Côte d\'Ivoire'),
(123, 'Croatia'),
(103, 'Cuba'),
(140, 'Cyprus'),
(48, 'Czech Republic'),
(10, 'Democratic Republic of the Congo'),
(85, 'Denmark'),
(170, 'Djibouti'),
(182, 'Dominica'),
(89, 'Dominican Republic'),
(164, 'East Timor'),
(52, 'Ecuador'),
(25, 'Egypt'),
(132, 'El Salvador'),
(135, 'Equatorial Guinea'),
(162, 'Eritrea'),
(121, 'Estonia'),
(163, 'Eswatini'),
(68, 'Ethiopia'),
(192, 'Fiji'),
(64, 'Finland'),
(24, 'France'),
(125, 'Gabon'),
(161, 'Gambia'),
(126, 'Georgia'),
(9, 'Germany'),
(193, 'Ghana'),
(60, 'Greece'),
(175, 'Grenada'),
(95, 'Guatemala'),
(106, 'Guinea'),
(157, 'Guinea-Bissau'),
(110, 'Guyana'),
(149, 'Haiti'),
(111, 'Honduras'),
(66, 'Hungary'),
(156, 'Iceland'),
(3, 'India'),
(5, 'Indonesia'),
(8, 'Iran'),
(32, 'Iraq'),
(74, 'Ireland'),
(57, 'Israel'),
(21, 'Italy'),
(141, 'Jamaica'),
(6, 'Japan'),
(98, 'Jordan'),
(27, 'Kazakhstan'),
(114, 'Kenya'),
(185, 'Kiribati'),
(43, 'Kuwait'),
(137, 'Kyrgyzstan'),
(83, 'Laos'),
(136, 'Latvia'),
(104, 'Lebanon'),
(152, 'Lesotho'),
(115, 'Liberia'),
(62, 'Libya'),
(183, 'Liechtenstein'),
(109, 'Lithuania'),
(133, 'Luxembourg'),
(120, 'Madagascar'),
(128, 'Malawi'),
(20, 'Malaysia'),
(158, 'Maldives'),
(138, 'Mali'),
(159, 'Malta'),
(181, 'Marshall Islands'),
(191, 'Mauritania'),
(147, 'Mauritius'),
(14, 'Mexico'),
(184, 'Micronesia'),
(130, 'Moldova'),
(70, 'Mongolia'),
(154, 'Montenegro'),
(51, 'Morocco'),
(54, 'Mozambique'),
(39, 'Myanmar'),
(113, 'Namibia'),
(187, 'Nauru'),
(101, 'Nepal'),
(38, 'Netherlands'),
(97, 'New Zealand'),
(92, 'Nicaragua'),
(148, 'Niger'),
(31, 'Nigeria'),
(189, 'Niue'),
(56, 'North Korea'),
(139, 'North Macedonia'),
(96, 'Norway'),
(50, 'Oman'),
(26, 'Pakistan'),
(178, 'Palau'),
(112, 'Panama'),
(77, 'Papua New Guinea'),
(59, 'Paraguay'),
(37, 'Peru'),
(36, 'Philippines'),
(22, 'Poland'),
(79, 'Portugal'),
(47, 'Qatar'),
(63, 'Romania'),
(4, 'Russia'),
(153, 'Rwanda'),
(177, 'Saint Kitts and Nevis'),
(172, 'Saint Lucia'),
(176, 'Saint Vincent and the Grenadines'),
(171, 'Samoa'),
(174, 'São Tomé and Principe'),
(13, 'Saudi Arabia'),
(108, 'Senegal'),
(72, 'Serbia'),
(166, 'Seychelles'),
(146, 'Sierra Leone'),
(71, 'Singapore'),
(84, 'Slovakia'),
(119, 'Slovenia'),
(69, 'Solomon Islands'),
(102, 'Somalia'),
(16, 'South Africa'),
(12, 'South Korea'),
(118, 'South Sudan'),
(29, 'Spain'),
(93, 'Sri Lanka'),
(75, 'Sudan'),
(124, 'Suriname'),
(94, 'Sweden'),
(80, 'Switzerland'),
(91, 'Syria'),
(131, 'Tajikistan'),
(49, 'Tanzania'),
(23, 'Thailand'),
(151, 'Togo'),
(180, 'Tonga'),
(117, 'Trinidad and Tobago'),
(88, 'Tunisia'),
(15, 'Turkey'),
(53, 'Turkmenistan'),
(188, 'Tuvalu'),
(99, 'Uganda'),
(35, 'Ukraine'),
(30, 'United Arab Emirates'),
(18, 'United Kingdom'),
(2, 'United States'),
(142, 'Uruguay'),
(40, 'Uzbekistan'),
(179, 'Vanuatu'),
(42, 'Venezuela'),
(19, 'Vietnam'),
(127, 'Yemen'),
(76, 'Zambia'),
(44, 'Zimbabwe');

-- --------------------------------------------------------

--
-- Tabellenstruktur für Tabelle `Emissions`
--

CREATE TABLE `Emissions` (
  `id` int(11) NOT NULL,
  `country_id` int(11) NOT NULL,
  `emission` decimal(38,2) DEFAULT NULL,
  `year` int(11) DEFAULT NULL
) ENGINE=InnoDB DEFAULT CHARSET=utf8mb4 COLLATE=utf8mb4_general_ci;

--
-- Daten für Tabelle `Emissions`
--

INSERT INTO `Emissions` (`id`, `country_id`, `emission`, `year`) VALUES
(1, 1, 1826.08, 1990),
(2, 2, 4435.58, 1990),
(3, 3, 340.83, 1990),
(4, 4, 1811.01, 1990),
(5, 5, 752.03, 1990),
(6, 6, 1015.11, 1990),
(7, 7, 1236.44, 1990),
(8, 8, 179.30, 1990),
(9, 9, 922.56, 1990),
(10, 10, 370.77, 1990),
(11, 11, 501.54, 1990),
(12, 12, 205.24, 1990),
(13, 13, 171.31, 1990),
(14, 14, 291.56, 1990),
(15, 15, 122.25, 1990),
(16, 16, 253.99, 1990),
(17, 17, 314.11, 1990),
(18, 18, 573.67, 1990),
(19, 19, -54.26, 1990),
(20, 20, 160.62, 1990),
(21, 21, 370.65, 1990),
(22, 22, 352.92, 1990),
(23, 23, 99.65, 1990),
(24, 24, 331.98, 1990),
(25, 25, 87.29, 1990),
(26, 26, 67.07, 1990),
(27, 27, 236.43, 1990),
(28, 28, 146.72, 1990),
(29, 29, 172.22, 1990),
(30, 30, 55.15, 1990),
(31, 31, 117.90, 1990),
(32, 32, 64.29, 1990),
(33, 33, 63.51, 1990),
(34, 34, 141.75, 1990),
(35, 35, 649.47, 1990),
(36, 36, 42.33, 1990),
(37, 37, 80.58, 1990),
(38, 38, 159.48, 1990),
(39, 39, 142.97, 1990),
(40, 40, 116.97, 1990),
(41, 41, 29.59, 1990),
(42, 42, 246.42, 1990),
(43, 43, 29.10, 1990),
(44, 44, 26.94, 1990),
(45, 45, 105.44, 1990),
(46, 46, 86.68, 1990),
(47, 47, 12.54, 1990),
(48, 48, 143.86, 1990),
(49, 49, 53.50, 1990),
(50, 50, 11.89, 1990),
(51, 51, 16.60, 1990),
(52, 52, 51.98, 1990),
(53, 53, 44.65, 1990),
(54, 54, 49.47, 1990),
(55, 55, 16.77, 1990),
(56, 56, 125.72, 1990),
(57, 57, 33.78, 1990),
(58, 58, 44.98, 1990),
(59, 59, 44.10, 1990),
(60, 60, 74.57, 1990),
(61, 61, 86.79, 1990),
(62, 62, 29.06, 1990),
(63, 63, 173.28, 1990),
(64, 64, 28.70, 1990),
(65, 65, 5.43, 1990),
(66, 66, 68.94, 1990),
(67, 67, 43.83, 1990),
(68, 68, 27.36, 1990),
(69, 69, 4.06, 1990),
(70, 70, 36.41, 1990),
(71, 71, 28.92, 1990),
(72, 72, 58.99, 1990),
(73, 73, 55.30, 1990),
(74, 74, 38.80, 1990),
(75, 75, 26.63, 1990),
(76, 76, 20.80, 1990),
(77, 77, 23.94, 1990),
(78, 78, 62.45, 1990),
(79, 79, 42.48, 1990),
(80, 80, 42.44, 1990),
(81, 81, 51.90, 1990),
(82, 82, 10.67, 1990),
(83, 83, 11.02, 1990),
(84, 84, 45.41, 1990),
(85, 85, 53.55, 1990),
(86, 86, 12.76, 1990),
(87, 87, 13.77, 1990),
(88, 88, 13.74, 1990),
(89, 89, 0.59, 1990),
(90, 90, 8.02, 1990),
(91, 91, 31.96, 1990),
(92, 92, 21.43, 1990),
(93, 93, 8.32, 1990),
(94, 94, 58.60, 1990),
(95, 95, 20.06, 1990),
(96, 96, 18.21, 1990),
(97, 97, -2.31, 1990),
(98, 98, 9.93, 1990),
(99, 99, 15.09, 1990),
(100, 100, 27.29, 1990),
(101, 101, -1.13, 1990),
(102, 102, 18.13, 1990),
(103, 103, 24.80, 1990),
(104, 104, 5.64, 1990),
(105, 105, 11.75, 1990),
(106, 106, 11.50, 1990),
(107, 107, 15.32, 1990),
(108, 108, 7.21, 1990),
(109, 109, 37.98, 1990),
(110, 110, 6.62, 1990),
(111, 111, 7.99, 1990),
(112, 112, 8.52, 1990),
(113, 113, 0.00, 1990),
(114, 114, 1.97, 1990),
(115, 115, 13.82, 1990),
(116, 116, 14.10, 1990),
(117, 117, 13.11, 1990),
(118, 118, 10.14, 1990),
(119, 119, 4.14, 1990),
(120, 120, 28.70, 1990),
(121, 121, 36.32, 1990),
(122, 122, -0.34, 1990),
(123, 123, 19.51, 1990),
(124, 124, 4.83, 1990),
(125, 125, 7.53, 1990),
(126, 126, 15.21, 1990),
(127, 127, 6.64, 1990),
(128, 128, 8.63, 1990),
(129, 129, 4.55, 1990),
(130, 130, 30.30, 1990),
(131, 131, 11.05, 1990),
(132, 132, 3.46, 1990),
(133, 133, 10.65, 1990),
(134, 134, 19.98, 1990),
(135, 135, 3.90, 1990),
(136, 136, 8.17, 1990),
(137, 137, 21.74, 1990),
(138, 138, 0.43, 1990),
(139, 139, 8.59, 1990),
(140, 140, 4.52, 1990),
(141, 141, 7.82, 1990),
(142, 142, -9.34, 1990),
(143, 143, 6.84, 1990),
(144, 144, 51.77, 1990),
(145, 145, 6.24, 1990),
(146, 146, 3.65, 1990),
(147, 147, 1.14, 1990),
(148, 148, 6.24, 1990),
(149, 149, 1.09, 1990),
(150, 150, 5.17, 1990),
(151, 151, 3.64, 1990),
(152, 152, 1.40, 1990),
(153, 153, 3.01, 1990),
(154, 154, 1.62, 1990),
(155, 155, 2.02, 1990),
(156, 156, 2.66, 1990),
(157, 157, 1.66, 1990),
(158, 158, 0.16, 1990),
(159, 159, 2.31, 1990),
(160, 160, 1.35, 1990),
(161, 161, 0.72, 1990),
(162, 162, 0.44, 1990),
(163, 163, 0.97, 1990),
(164, 164, 0.46, 1990),
(165, 165, 0.25, 1990),
(166, 166, 0.15, 1990),
(167, 167, -0.33, 1990),
(168, 168, 0.13, 1990),
(169, 169, 5.27, 1990),
(170, 170, 0.30, 1990),
(171, 171, 0.20, 1990),
(172, 172, 0.06, 1990),
(173, 173, 0.41, 1990),
(174, 174, 0.06, 1990),
(175, 175, 0.12, 1990),
(176, 176, 0.04, 1990),
(177, 177, 0.11, 1990),
(178, 178, 0.00, 1990),
(179, 179, 0.07, 1990),
(180, 180, 0.08, 1990),
(181, 181, 0.00, 1990),
(182, 182, 0.12, 1990),
(183, 183, 0.22, 1990),
(184, 184, 0.00, 1990),
(185, 185, 0.02, 1990),
(186, 186, 0.02, 1990),
(187, 187, 0.13, 1990),
(188, 188, 0.00, 1990),
(189, 189, 0.01, 1990),
(190, 190, -6.42, 1990),
(191, 191, 0.40, 1990),
(192, 192, -1.86, 1990),
(193, 193, 12.37, 1990),
(194, 1, 1954.90, 1991),
(195, 2, 4398.54, 1991),
(196, 3, 384.47, 1991),
(197, 4, 1783.92, 1991),
(198, 5, 765.96, 1991),
(199, 6, 1028.55, 1991),
(200, 7, 1244.02, 1991),
(201, 8, 200.01, 1991),
(202, 9, 899.80, 1991),
(203, 10, 369.33, 1991),
(204, 11, 495.34, 1991),
(205, 12, 232.36, 1991),
(206, 13, 187.77, 1991),
(207, 14, 309.98, 1991),
(208, 15, 126.85, 1991),
(209, 16, 248.66, 1991),
(210, 17, 315.38, 1991),
(211, 18, 582.59, 1991),
(212, 19, -53.80, 1991),
(213, 20, 171.10, 1991),
(214, 21, 369.47, 1991),
(215, 22, 354.33, 1991),
(216, 23, 108.04, 1991),
(217, 24, 356.38, 1991),
(218, 25, 88.90, 1991),
(219, 26, 68.35, 1991),
(220, 27, 245.54, 1991),
(221, 28, 152.33, 1991),
(222, 29, 179.37, 1991),
(223, 30, 61.53, 1991),
(224, 31, 126.97, 1991),
(225, 32, 45.41, 1991),
(226, 33, 67.00, 1991),
(227, 34, 143.48, 1991),
(228, 35, 612.78, 1991),
(229, 36, 41.95, 1991),
(230, 37, 79.97, 1991),
(231, 38, 165.26, 1991),
(232, 39, 142.90, 1991),
(233, 40, 117.79, 1991),
(234, 41, 28.91, 1991),
(235, 42, 245.79, 1991),
(236, 43, 7.80, 1991),
(237, 44, 28.70, 1991),
(238, 45, 110.08, 1991),
(239, 46, 87.14, 1991),
(240, 47, 14.98, 1991),
(241, 48, 130.47, 1991),
(242, 49, 53.47, 1991),
(243, 50, 15.69, 1991),
(244, 51, 18.22, 1991),
(245, 52, 52.30, 1991),
(246, 53, 37.79, 1991),
(247, 54, 49.29, 1991),
(248, 55, 16.88, 1991),
(249, 56, 119.35, 1991),
(250, 57, 34.50, 1991),
(251, 58, 49.12, 1991),
(252, 59, 44.05, 1991),
(253, 60, 74.77, 1991),
(254, 61, 83.17, 1991),
(255, 62, 29.26, 1991),
(256, 63, 143.40, 1991),
(257, 64, 29.27, 1991),
(258, 65, 5.47, 1991),
(259, 66, 66.07, 1991),
(260, 67, 43.76, 1991),
(261, 68, 27.38, 1991),
(262, 69, 4.07, 1991),
(263, 70, 38.20, 1991),
(264, 71, 30.42, 1991),
(265, 72, 49.29, 1991),
(266, 73, 59.28, 1991),
(267, 74, 39.30, 1991),
(268, 75, 26.07, 1991),
(269, 76, 20.94, 1991),
(270, 77, 23.95, 1991),
(271, 78, 62.54, 1991),
(272, 79, 44.18, 1991),
(273, 80, 44.78, 1991),
(274, 81, 50.48, 1991),
(275, 82, 10.28, 1991),
(276, 83, 11.05, 1991),
(277, 84, 38.54, 1991),
(278, 85, 64.26, 1991),
(279, 86, 12.77, 1991),
(280, 87, 12.48, 1991),
(281, 88, 14.28, 1991),
(282, 89, 0.96, 1991),
(283, 90, 8.02, 1991),
(284, 91, 35.39, 1991),
(285, 92, 21.42, 1991),
(286, 93, 8.47, 1991),
(287, 94, 59.49, 1991),
(288, 95, 20.16, 1991),
(289, 96, 16.23, 1991),
(290, 97, -1.99, 1991),
(291, 98, 9.78, 1991),
(292, 99, 15.11, 1991),
(293, 100, 24.76, 1991),
(294, 101, -0.88, 1991),
(295, 102, 18.07, 1991),
(296, 103, 16.59, 1991),
(297, 104, 7.05, 1991),
(298, 105, 11.74, 1991),
(299, 106, 11.52, 1991),
(300, 107, 15.27, 1991),
(301, 108, 7.22, 1991),
(302, 109, 40.06, 1991),
(303, 110, 6.59, 1991),
(304, 111, 7.99, 1991),
(305, 112, 8.95, 1991),
(306, 113, 11.68, 1991),
(307, 114, 1.72, 1991),
(308, 115, 13.75, 1991),
(309, 116, 14.09, 1991),
(310, 117, 13.00, 1991),
(311, 118, 10.12, 1991),
(312, 119, 3.35, 1991),
(313, 120, 28.76, 1991),
(314, 121, 33.51, 1991),
(315, 122, -0.45, 1991),
(316, 123, 13.97, 1991),
(317, 124, 5.12, 1991),
(318, 125, 7.99, 1991),
(319, 126, 7.23, 1991),
(320, 127, 8.50, 1991),
(321, 128, 8.70, 1991),
(322, 129, 4.68, 1991),
(323, 130, 24.37, 1991),
(324, 131, 10.21, 1991),
(325, 132, 4.15, 1991),
(326, 133, 11.12, 1991),
(327, 134, 20.82, 1991),
(328, 135, 3.90, 1991),
(329, 136, 6.59, 1991),
(330, 137, 19.40, 1991),
(331, 138, 0.43, 1991),
(332, 139, 8.38, 1991),
(333, 140, 5.04, 1991),
(334, 141, 7.76, 1991),
(335, 142, -8.82, 1991),
(336, 143, 6.94, 1991),
(337, 144, 36.99, 1991),
(338, 145, 4.30, 1991),
(339, 146, 3.66, 1991),
(340, 147, 1.23, 1991),
(341, 148, 6.21, 1991),
(342, 149, 1.07, 1991),
(343, 150, 5.21, 1991),
(344, 151, 3.59, 1991),
(345, 152, 1.45, 1991),
(346, 153, 2.96, 1991),
(347, 154, 1.05, 1991),
(348, 155, 2.09, 1991),
(349, 156, 2.62, 1991),
(350, 157, 1.66, 1991),
(351, 158, 0.16, 1991),
(352, 159, 2.21, 1991),
(353, 160, 1.34, 1991),
(354, 161, 0.73, 1991),
(355, 162, 0.44, 1991),
(356, 163, 0.96, 1991),
(357, 164, 0.46, 1991),
(358, 165, 0.26, 1991),
(359, 166, 0.18, 1991),
(360, 167, -0.34, 1991),
(361, 168, 0.13, 1991),
(362, 169, 5.46, 1991),
(363, 170, 0.30, 1991),
(364, 171, 0.20, 1991),
(365, 172, 0.07, 1991),
(366, 173, 0.41, 1991),
(367, 174, 0.06, 1991),
(368, 175, 0.12, 1991),
(369, 176, 0.04, 1991),
(370, 177, 0.12, 1991),
(371, 178, 0.00, 1991),
(372, 179, 0.07, 1991),
(373, 180, 0.09, 1991),
(374, 181, 0.00, 1991),
(375, 182, 0.12, 1991),
(376, 183, 0.23, 1991),
(377, 184, -0.03, 1991),
(378, 185, 0.02, 1991),
(379, 186, 0.02, 1991),
(380, 187, 0.13, 1991),
(381, 188, 0.00, 1991),
(382, 189, 0.01, 1991),
(383, 190, -6.43, 1991),
(384, 191, 0.40, 1991),
(385, 192, -1.85, 1991),
(386, 193, 12.11, 1991),
(387, 1, 2070.89, 1992),
(388, 2, 4470.67, 1992),
(389, 3, 403.72, 1992),
(390, 4, 1677.84, 1992),
(391, 5, 775.04, 1992),
(392, 6, 1039.65, 1992),
(393, 7, 1246.42, 1992),
(394, 8, 214.60, 1992),
(395, 9, 860.06, 1992),
(396, 10, 369.07, 1992),
(397, 11, 508.47, 1992),
(398, 12, 254.61, 1992),
(399, 13, 201.88, 1992),
(400, 14, 313.64, 1992),
(401, 15, 132.85, 1992),
(402, 16, 245.15, 1992),
(403, 17, 319.04, 1992),
(404, 18, 569.79, 1992),
(405, 19, -52.79, 1992),
(406, 20, 173.19, 1992),
(407, 21, 367.67, 1992),
(408, 22, 346.08, 1992),
(409, 23, 118.56, 1992),
(410, 24, 344.34, 1992),
(411, 25, 90.45, 1992),
(412, 26, 75.02, 1992),
(413, 27, 252.98, 1992),
(414, 28, 154.34, 1992),
(415, 29, 189.64, 1992),
(416, 30, 59.65, 1992),
(417, 31, 136.79, 1992),
(418, 32, 67.20, 1992),
(419, 33, 67.42, 1992),
(420, 34, 145.58, 1992),
(421, 35, 535.51, 1992),
(422, 36, 45.44, 1992),
(423, 37, 80.73, 1992),
(424, 38, 164.05, 1992),
(425, 39, 143.17, 1992),
(426, 40, 112.28, 1992),
(427, 41, 29.91, 1992),
(428, 42, 247.89, 1992),
(429, 43, 23.02, 1992),
(430, 44, 28.87, 1992),
(431, 45, 108.45, 1992),
(432, 46, 87.45, 1992),
(433, 47, 14.68, 1992),
(434, 48, 127.55, 1992),
(435, 49, 53.47, 1992),
(436, 50, 14.90, 1992),
(437, 51, 19.98, 1992),
(438, 52, 53.40, 1992),
(439, 53, 28.10, 1992),
(440, 54, 49.45, 1992),
(441, 55, 17.09, 1992),
(442, 56, 106.12, 1992),
(443, 57, 36.83, 1992),
(444, 58, 44.37, 1992),
(445, 59, 44.51, 1992),
(446, 60, 77.13, 1992),
(447, 61, 74.57, 1992),
(448, 62, 26.59, 1992),
(449, 63, 126.83, 1992),
(450, 64, 26.42, 1992),
(451, 65, 5.52, 1992),
(452, 66, 59.52, 1992),
(453, 67, 44.33, 1992),
(454, 68, 26.56, 1992),
(455, 69, 4.08, 1992),
(456, 70, 36.30, 1992),
(457, 71, 31.36, 1992),
(458, 72, 45.94, 1992),
(459, 73, 59.16, 1992),
(460, 74, 39.33, 1992),
(461, 75, 25.80, 1992),
(462, 76, 20.91, 1992),
(463, 77, 23.95, 1992),
(464, 78, 62.52, 1992),
(465, 79, 48.19, 1992),
(466, 80, 44.81, 1992),
(467, 81, 61.59, 1992),
(468, 82, 12.18, 1992),
(469, 83, 11.10, 1992),
(470, 84, 36.70, 1992),
(471, 85, 58.53, 1992),
(472, 86, 12.78, 1992),
(473, 87, 13.59, 1992),
(474, 88, 15.36, 1992),
(475, 89, 2.35, 1992),
(476, 90, 8.04, 1992),
(477, 91, 34.83, 1992),
(478, 92, 21.74, 1992),
(479, 93, 9.73, 1992),
(480, 94, 62.00, 1992),
(481, 95, 20.96, 1992),
(482, 96, 19.10, 1992),
(483, 97, -0.24, 1992),
(484, 98, 11.93, 1992),
(485, 99, 15.12, 1992),
(486, 100, 19.29, 1992),
(487, 101, -0.83, 1992),
(488, 102, 18.04, 1992),
(489, 103, 10.95, 1992),
(490, 104, 7.03, 1992),
(491, 105, 11.67, 1992),
(492, 106, 11.55, 1992),
(493, 107, 15.28, 1992),
(494, 108, 7.45, 1992),
(495, 109, 25.77, 1992),
(496, 110, 6.52, 1992),
(497, 111, 8.27, 1992),
(498, 112, 9.46, 1992),
(499, 113, 11.78, 1992),
(500, 114, 1.79, 1992),
(501, 115, 13.78, 1992),
(502, 116, 14.10, 1992),
(503, 117, 13.11, 1992),
(504, 118, 10.07, 1992),
(505, 119, 3.44, 1992),
(506, 120, 28.77, 1992),
(507, 121, 24.33, 1992),
(508, 122, -0.86, 1992),
(509, 123, 14.07, 1992),
(510, 124, 5.13, 1992),
(511, 125, 7.96, 1992),
(512, 126, 1.81, 1992),
(513, 127, 9.13, 1992),
(514, 128, 8.70, 1992),
(515, 129, 4.88, 1992),
(516, 130, 20.09, 1992),
(517, 131, 7.72, 1992),
(518, 132, 4.43, 1992),
(519, 133, 10.80, 1992),
(520, 134, 10.89, 1992),
(521, 135, 4.80, 1992),
(522, 136, 3.31, 1992),
(523, 137, 12.74, 1992),
(524, 138, 0.47, 1992),
(525, 139, 8.33, 1992),
(526, 140, 5.41, 1992),
(527, 141, 8.50, 1992),
(528, 142, -8.42, 1992),
(529, 143, 6.88, 1992),
(530, 144, 33.53, 1992),
(531, 145, 2.42, 1992),
(532, 146, 3.64, 1992),
(533, 147, 1.30, 1992),
(534, 148, 6.17, 1992),
(535, 149, 0.97, 1992),
(536, 150, 5.18, 1992),
(537, 151, 3.41, 1992),
(538, 152, 1.50, 1992),
(539, 153, 2.96, 1992),
(540, 154, 1.15, 1992),
(541, 155, 1.96, 1992),
(542, 156, 2.66, 1992),
(543, 157, 1.67, 1992),
(544, 158, 0.22, 1992),
(545, 159, 2.17, 1992),
(546, 160, 1.21, 1992),
(547, 161, 0.73, 1992),
(548, 162, 0.87, 1992),
(549, 163, 0.78, 1992),
(550, 164, 0.46, 1992),
(551, 165, 0.26, 1992),
(552, 166, 0.18, 1992),
(553, 167, -0.33, 1992),
(554, 168, 0.13, 1992),
(555, 169, 6.55, 1992),
(556, 170, 0.31, 1992),
(557, 171, 0.21, 1992),
(558, 172, 0.09, 1992),
(559, 173, 0.41, 1992),
(560, 174, 0.05, 1992),
(561, 175, 0.13, 1992),
(562, 176, 0.04, 1992),
(563, 177, 0.12, 1992),
(564, 178, 0.20, 1992),
(565, 179, 0.07, 1992),
(566, 180, 0.08, 1992),
(567, 181, 0.08, 1992),
(568, 182, 0.12, 1992),
(569, 183, 0.23, 1992),
(570, 184, 0.11, 1992),
(571, 185, 0.03, 1992),
(572, 186, 0.02, 1992),
(573, 187, 0.12, 1992),
(574, 188, 0.01, 1992),
(575, 189, 0.01, 1992),
(576, 190, -6.40, 1992),
(577, 191, 0.40, 1992),
(578, 192, -1.81, 1992),
(579, 193, 12.51, 1992),
(580, 1, 2298.12, 1993),
(581, 2, 4586.13, 1993),
(582, 3, 428.84, 1993),
(583, 4, 1527.07, 1993),
(584, 5, 788.71, 1993),
(585, 6, 1032.15, 1993),
(586, 7, 1253.84, 1993),
(587, 8, 217.81, 1993),
(588, 9, 854.30, 1993),
(589, 10, 369.51, 1993),
(590, 11, 504.13, 1993),
(591, 12, 285.17, 1993),
(592, 13, 203.16, 1993),
(593, 14, 322.59, 1993),
(594, 15, 138.64, 1993),
(595, 16, 252.82, 1993),
(596, 17, 323.67, 1993),
(597, 18, 553.27, 1993),
(598, 19, -49.35, 1993),
(599, 20, 179.04, 1993),
(600, 21, 362.32, 1993),
(601, 22, 346.72, 1993),
(602, 23, 135.01, 1993),
(603, 24, 325.20, 1993),
(604, 25, 92.21, 1993),
(605, 26, 81.80, 1993),
(606, 27, 218.29, 1993),
(607, 28, 156.71, 1993),
(608, 29, 175.35, 1993),
(609, 30, 63.54, 1993),
(610, 31, 131.26, 1993),
(611, 32, 89.50, 1993),
(612, 33, 72.79, 1993),
(613, 34, 149.03, 1993),
(614, 35, 460.17, 1993),
(615, 36, 49.17, 1993),
(616, 37, 81.51, 1993),
(617, 38, 167.96, 1993),
(618, 39, 143.70, 1993),
(619, 40, 113.78, 1993),
(620, 41, 30.65, 1993),
(621, 42, 252.08, 1993),
(622, 43, 30.70, 1993),
(623, 44, 27.48, 1993),
(624, 45, 106.23, 1993),
(625, 46, 86.54, 1993),
(626, 47, 16.61, 1993),
(627, 48, 121.69, 1993),
(628, 49, 53.52, 1993),
(629, 50, 15.13, 1993),
(630, 51, 20.68, 1993),
(631, 52, 53.52, 1993),
(632, 53, 26.95, 1993),
(633, 54, 49.65, 1993),
(634, 55, 19.49, 1993),
(635, 56, 97.83, 1993),
(636, 57, 40.48, 1993),
(637, 58, 44.50, 1993),
(638, 59, 44.85, 1993),
(639, 60, 77.04, 1993),
(640, 61, 63.03, 1993),
(641, 62, 31.07, 1993),
(642, 63, 118.35, 1993),
(643, 64, 27.60, 1993),
(644, 65, 5.55, 1993),
(645, 66, 59.90, 1993),
(646, 67, 44.28, 1993),
(647, 68, 26.99, 1993),
(648, 69, 4.09, 1993),
(649, 70, 35.29, 1993),
(650, 71, 36.11, 1993),
(651, 72, 40.27, 1993),
(652, 73, 58.11, 1993),
(653, 74, 39.48, 1993),
(654, 75, 24.48, 1993),
(655, 76, 20.58, 1993),
(656, 77, 23.99, 1993),
(657, 78, 62.70, 1993),
(658, 79, 47.21, 1993),
(659, 80, 42.55, 1993),
(660, 81, 46.25, 1993),
(661, 82, 12.97, 1993),
(662, 83, 11.11, 1993),
(663, 84, 34.92, 1993),
(664, 85, 60.87, 1993),
(665, 86, 12.79, 1993),
(666, 87, 15.70, 1993),
(667, 88, 15.69, 1993),
(668, 89, 2.25, 1993),
(669, 90, 8.04, 1993),
(670, 91, 35.59, 1993),
(671, 92, 21.70, 1993),
(672, 93, 9.57, 1993),
(673, 94, 61.75, 1993),
(674, 95, 21.24, 1993),
(675, 96, 21.33, 1993),
(676, 97, -0.66, 1993),
(677, 98, 12.20, 1993),
(678, 99, 15.12, 1993),
(679, 100, 16.73, 1993),
(680, 101, -0.66, 1993),
(681, 102, 18.00, 1993),
(682, 103, 9.33, 1993),
(683, 104, 10.34, 1993),
(684, 105, 11.23, 1993),
(685, 106, 11.58, 1993),
(686, 107, 15.28, 1993),
(687, 108, 7.39, 1993),
(688, 109, 21.52, 1993),
(689, 110, 7.17, 1993),
(690, 111, 8.43, 1993),
(691, 112, 9.62, 1993),
(692, 113, 11.97, 1993),
(693, 114, 1.69, 1993),
(694, 115, 13.79, 1993),
(695, 116, 14.11, 1993),
(696, 117, 10.74, 1993),
(697, 118, 9.96, 1993),
(698, 119, 4.17, 1993),
(699, 120, 28.80, 1993),
(700, 121, 19.38, 1993),
(701, 122, -0.86, 1993),
(702, 123, 14.44, 1993),
(703, 124, 5.20, 1993),
(704, 125, 8.08, 1993),
(705, 126, -2.17, 1993),
(706, 127, 8.59, 1993),
(707, 128, 8.79, 1993),
(708, 129, 5.22, 1993),
(709, 130, 17.19, 1993),
(710, 131, 5.20, 1993),
(711, 132, 5.00, 1993),
(712, 133, 11.01, 1993),
(713, 134, 5.11, 1993),
(714, 135, 4.88, 1993),
(715, 136, 1.09, 1993),
(716, 137, 9.06, 1993),
(717, 138, 0.51, 1993),
(718, 139, 8.64, 1993),
(719, 140, 5.67, 1993),
(720, 141, 8.68, 1993),
(721, 142, -8.70, 1993),
(722, 143, 6.90, 1993),
(723, 144, 34.09, 1993),
(724, 145, 2.26, 1993),
(725, 146, 3.62, 1993),
(726, 147, 1.45, 1993),
(727, 148, 6.24, 1993),
(728, 149, 0.76, 1993),
(729, 150, 5.19, 1993),
(730, 151, 3.30, 1993),
(731, 152, 1.54, 1993),
(732, 153, 2.96, 1993),
(733, 154, 0.96, 1993),
(734, 155, 1.83, 1993),
(735, 156, 2.69, 1993),
(736, 157, 1.67, 1993),
(737, 158, 0.20, 1993),
(738, 159, 2.81, 1993),
(739, 160, 1.13, 1993),
(740, 161, 0.74, 1993),
(741, 162, 1.07, 1993),
(742, 163, 0.69, 1993),
(743, 164, 0.46, 1993),
(744, 165, 0.27, 1993),
(745, 166, 0.19, 1993),
(746, 167, -0.34, 1993),
(747, 168, 0.13, 1993),
(748, 169, 6.58, 1993),
(749, 170, 0.31, 1993),
(750, 171, 0.22, 1993),
(751, 172, 0.12, 1993),
(752, 173, 0.41, 1993),
(753, 174, 0.05, 1993),
(754, 175, 0.13, 1993),
(755, 176, 0.06, 1993),
(756, 177, 0.12, 1993),
(757, 178, 0.20, 1993),
(758, 179, 0.07, 1993),
(759, 180, 0.09, 1993),
(760, 181, 0.08, 1993),
(761, 182, 0.12, 1993),
(762, 183, 0.24, 1993),
(763, 184, 0.12, 1993),
(764, 185, 0.03, 1993),
(765, 186, 0.03, 1993),
(766, 187, 0.11, 1993),
(767, 188, 0.01, 1993),
(768, 189, 0.01, 1993),
(769, 190, -6.43, 1993),
(770, 191, 0.40, 1993),
(771, 192, -1.82, 1993),
(772, 193, 12.55, 1993),
(773, 1, 2420.36, 1994),
(774, 2, 4657.60, 1994),
(775, 3, 463.45, 1994),
(776, 4, 1331.66, 1994),
(777, 5, 802.79, 1994),
(778, 6, 1085.28, 1994),
(779, 7, 1261.08, 1994),
(780, 8, 247.89, 1994),
(781, 9, 843.13, 1994),
(782, 10, 369.84, 1994),
(783, 11, 518.83, 1994),
(784, 12, 311.84, 1994),
(785, 13, 206.32, 1994),
(786, 14, 348.46, 1994),
(787, 15, 136.88, 1994),
(788, 16, 258.46, 1994),
(789, 17, 330.73, 1994),
(790, 18, 547.07, 1994),
(791, 19, -46.91, 1994),
(792, 20, 185.71, 1994),
(793, 21, 357.67, 1994),
(794, 22, 342.45, 1994),
(795, 23, 149.36, 1994),
(796, 24, 320.15, 1994),
(797, 25, 87.44, 1994),
(798, 26, 84.30, 1994),
(799, 27, 198.12, 1994),
(800, 28, 158.40, 1994),
(801, 29, 185.72, 1994),
(802, 30, 70.68, 1994),
(803, 31, 123.39, 1994),
(804, 32, 102.13, 1994),
(805, 33, 74.17, 1994),
(806, 34, 149.88, 1994),
(807, 35, 376.52, 1994),
(808, 36, 52.74, 1994),
(809, 37, 82.25, 1994),
(810, 38, 167.61, 1994),
(811, 39, 144.53, 1994),
(812, 40, 108.05, 1994),
(813, 41, 31.63, 1994),
(814, 42, 251.12, 1994),
(815, 43, 36.61, 1994),
(816, 44, 26.36, 1994),
(817, 45, 111.02, 1994),
(818, 46, 85.86, 1994),
(819, 47, 18.49, 1994),
(820, 48, 115.91, 1994),
(821, 49, 53.52, 1994),
(822, 50, 16.12, 1994),
(823, 51, 22.82, 1994),
(824, 52, 55.37, 1994),
(825, 53, 33.50, 1994),
(826, 54, 49.45, 1994),
(827, 55, 21.53, 1994),
(828, 56, 90.03, 1994),
(829, 57, 43.34, 1994),
(830, 58, 44.99, 1994),
(831, 59, 45.37, 1994),
(832, 60, 78.68, 1994),
(833, 61, 51.46, 1994),
(834, 62, 39.36, 1994),
(835, 63, 115.81, 1994),
(836, 64, 34.06, 1994),
(837, 65, 5.65, 1994),
(838, 66, 59.30, 1994),
(839, 67, 44.11, 1994),
(840, 68, 27.31, 1994),
(841, 69, 4.10, 1994),
(842, 70, 33.76, 1994),
(843, 71, 37.93, 1994),
(844, 72, 36.70, 1994),
(845, 73, 56.98, 1994),
(846, 74, 40.64, 1994),
(847, 75, 25.96, 1994),
(848, 76, 20.20, 1994),
(849, 77, 23.83, 1994),
(850, 78, 62.84, 1994),
(851, 79, 48.72, 1994),
(852, 80, 41.68, 1994),
(853, 81, 31.94, 1994),
(854, 82, 13.28, 1994),
(855, 83, 11.14, 1994),
(856, 84, 32.30, 1994),
(857, 85, 64.74, 1994),
(858, 86, 12.80, 1994),
(859, 87, 19.07, 1994),
(860, 88, 15.73, 1994),
(861, 89, 3.87, 1994),
(862, 90, 8.05, 1994),
(863, 91, 37.18, 1994),
(864, 92, 22.03, 1994),
(865, 93, 10.25, 1994),
(866, 94, 63.74, 1994),
(867, 95, 21.57, 1994),
(868, 96, 23.31, 1994),
(869, 97, -0.39, 1994),
(870, 98, 12.99, 1994),
(871, 99, 15.03, 1994),
(872, 100, 6.49, 1994),
(873, 101, -0.32, 1994),
(874, 102, 17.99, 1994),
(875, 103, 10.89, 1994),
(876, 104, 11.29, 1994),
(877, 105, 10.58, 1994),
(878, 106, 11.62, 1994),
(879, 107, 15.27, 1994),
(880, 108, 7.49, 1994),
(881, 109, 20.58, 1994),
(882, 110, 7.49, 1994),
(883, 111, 8.79, 1994),
(884, 112, 9.86, 1994),
(885, 113, 12.20, 1994),
(886, 114, 1.81, 1994),
(887, 115, 13.79, 1994),
(888, 116, 14.11, 1994),
(889, 117, 8.86, 1994),
(890, 118, 10.05, 1994),
(891, 119, 4.22, 1994),
(892, 120, 29.02, 1994),
(893, 121, 19.77, 1994),
(894, 122, -0.90, 1994),
(895, 123, 13.70, 1994),
(896, 124, 5.21, 1994),
(897, 125, 8.05, 1994),
(898, 126, -7.82, 1994),
(899, 127, 9.41, 1994),
(900, 128, 8.82, 1994),
(901, 129, 5.56, 1994),
(902, 130, 13.91, 1994),
(903, 131, 3.07, 1994),
(904, 132, 5.54, 1994),
(905, 133, 10.17, 1994),
(906, 134, 2.84, 1994),
(907, 135, 4.96, 1994),
(908, 136, -0.45, 1994),
(909, 137, 5.52, 1994),
(910, 138, 0.55, 1994),
(911, 139, 8.35, 1994),
(912, 140, 5.91, 1994),
(913, 141, 8.74, 1994),
(914, 142, -8.92, 1994),
(915, 143, 6.90, 1994),
(916, 144, 31.89, 1994),
(917, 145, 2.27, 1994),
(918, 146, 3.62, 1994),
(919, 147, 1.49, 1994),
(920, 148, 6.22, 1994),
(921, 149, 0.26, 1994),
(922, 150, 5.19, 1994),
(923, 151, 3.57, 1994),
(924, 152, 1.58, 1994),
(925, 153, 2.94, 1994),
(926, 154, 0.92, 1994),
(927, 155, 1.86, 1994),
(928, 156, 2.80, 1994),
(929, 157, 1.67, 1994),
(930, 158, 0.20, 1994),
(931, 159, 2.51, 1994),
(932, 160, 1.29, 1994),
(933, 161, 0.74, 1994),
(934, 162, 1.17, 1994),
(935, 163, 1.32, 1994),
(936, 164, 0.46, 1994),
(937, 165, 0.28, 1994),
(938, 166, 0.21, 1994),
(939, 167, -0.33, 1994),
(940, 168, 0.13, 1994),
(941, 169, 7.25, 1994),
(942, 170, 0.30, 1994),
(943, 171, 0.21, 1994),
(944, 172, 0.14, 1994),
(945, 173, 0.41, 1994),
(946, 174, 0.06, 1994),
(947, 175, 0.14, 1994),
(948, 176, 0.08, 1994),
(949, 177, 0.13, 1994),
(950, 178, 0.20, 1994),
(951, 179, 0.07, 1994),
(952, 180, 0.09, 1994),
(953, 181, 0.09, 1994),
(954, 182, 0.13, 1994),
(955, 183, 0.22, 1994),
(956, 184, 0.13, 1994),
(957, 185, 0.03, 1994),
(958, 186, 0.03, 1994),
(959, 187, 0.11, 1994),
(960, 188, 0.00, 1994),
(961, 189, 0.01, 1994),
(962, 190, -6.40, 1994),
(963, 191, 0.40, 1994),
(964, 192, -1.82, 1994),
(965, 193, 12.77, 1994),
(966, 1, 2741.36, 1995),
(967, 2, 4708.07, 1995),
(968, 3, 515.41, 1995),
(969, 4, 1282.10, 1995),
(970, 5, 828.78, 1995),
(971, 6, 1095.53, 1995),
(972, 7, 1279.87, 1995),
(973, 8, 252.81, 1995),
(974, 9, 841.93, 1995),
(975, 10, 369.74, 1995),
(976, 11, 530.57, 1995),
(977, 12, 342.97, 1995),
(978, 13, 204.80, 1995),
(979, 14, 328.86, 1995),
(980, 15, 151.21, 1995),
(981, 16, 270.62, 1995),
(982, 17, 340.82, 1995),
(983, 18, 538.67, 1995),
(984, 19, -42.18, 1995),
(985, 20, 191.97, 1995),
(986, 21, 381.80, 1995),
(987, 22, 342.64, 1995),
(988, 23, 167.85, 1995),
(989, 24, 327.96, 1995),
(990, 25, 93.26, 1995),
(991, 26, 90.78, 1995),
(992, 27, 174.18, 1995),
(993, 28, 159.36, 1995),
(994, 29, 197.83, 1995),
(995, 30, 75.06, 1995),
(996, 31, 131.12, 1995),
(997, 32, 100.09, 1995),
(998, 33, 77.01, 1995),
(999, 34, 152.44, 1995),
(1000, 35, 360.19, 1995),
(1001, 36, 62.93, 1995),
(1002, 37, 85.36, 1995),
(1003, 38, 172.08, 1995),
(1004, 39, 145.83, 1995),
(1005, 40, 97.33, 1995),
(1006, 41, 34.67, 1995),
(1007, 42, 258.74, 1995),
(1008, 43, 36.19, 1995),
(1009, 44, 25.89, 1995),
(1010, 45, 110.69, 1995),
(1011, 46, 84.94, 1995),
(1012, 47, 19.05, 1995),
(1013, 48, 115.23, 1995),
(1014, 49, 54.37, 1995),
(1015, 50, 18.79, 1995),
(1016, 51, 23.90, 1995),
(1017, 52, 57.49, 1995),
(1018, 53, 33.95, 1995),
(1019, 54, 49.53, 1995),
(1020, 55, 22.96, 1995),
(1021, 56, 84.65, 1995),
(1022, 57, 46.75, 1995),
(1023, 58, 47.88, 1995),
(1024, 59, 45.81, 1995),
(1025, 60, 81.79, 1995),
(1026, 61, 44.65, 1995),
(1027, 62, 44.28, 1995),
(1028, 63, 121.52, 1995),
(1029, 64, 30.25, 1995),
(1030, 65, 5.64, 1995),
(1031, 66, 58.97, 1995),
(1032, 67, 44.22, 1995),
(1033, 68, 27.66, 1995),
(1034, 69, 4.11, 1995),
(1035, 70, 33.73, 1995),
(1036, 71, 37.53, 1995),
(1037, 72, 42.40, 1995),
(1038, 73, 57.04, 1995),
(1039, 74, 41.23, 1995),
(1040, 75, 25.96, 1995),
(1041, 76, 20.19, 1995),
(1042, 77, 25.76, 1995),
(1043, 78, 63.27, 1995),
(1044, 79, 52.10, 1995),
(1045, 80, 42.52, 1995),
(1046, 81, 30.90, 1995),
(1047, 82, 13.45, 1995),
(1048, 83, 11.18, 1995),
(1049, 84, 32.97, 1995),
(1050, 85, 61.61, 1995),
(1051, 86, 12.83, 1995),
(1052, 87, 22.21, 1995),
(1053, 88, 16.12, 1995),
(1054, 89, 4.58, 1995),
(1055, 90, 8.06, 1995),
(1056, 91, 38.70, 1995),
(1057, 92, 22.15, 1995),
(1058, 93, 10.30, 1995),
(1059, 94, 63.50, 1995),
(1060, 95, 22.49, 1995),
(1061, 96, 23.24, 1995),
(1062, 97, -0.25, 1995),
(1063, 98, 13.60, 1995),
(1064, 99, 15.29, 1995),
(1065, 100, 6.69, 1995),
(1066, 101, -0.20, 1995),
(1067, 102, 17.95, 1995),
(1068, 103, 12.35, 1995),
(1069, 104, 13.32, 1995),
(1070, 105, 11.16, 1995),
(1071, 106, 11.65, 1995),
(1072, 107, 15.30, 1995),
(1073, 108, 7.65, 1995),
(1074, 109, 19.52, 1995),
(1075, 110, 7.94, 1995),
(1076, 111, 9.40, 1995),
(1077, 112, 10.18, 1995),
(1078, 113, 12.33, 1995),
(1079, 114, 2.27, 1995),
(1080, 115, 13.79, 1995),
(1081, 116, 14.11, 1995),
(1082, 117, 8.70, 1995),
(1083, 118, 10.15, 1995),
(1084, 119, 5.08, 1995),
(1085, 120, 29.22, 1995),
(1086, 121, 17.83, 1995),
(1087, 122, -0.93, 1995),
(1088, 123, 14.26, 1995),
(1089, 124, 5.27, 1995),
(1090, 125, 8.64, 1995),
(1091, 126, -10.09, 1995),
(1092, 127, 10.58, 1995),
(1093, 128, 8.82, 1995),
(1094, 129, 5.91, 1995),
(1095, 130, 11.91, 1995),
(1096, 131, 2.54, 1995),
(1097, 132, 6.04, 1995),
(1098, 133, 8.02, 1995),
(1099, 134, 3.57, 1995),
(1100, 135, 5.03, 1995),
(1101, 136, -1.51, 1995),
(1102, 137, 3.57, 1995),
(1103, 138, 0.60, 1995),
(1104, 139, 8.31, 1995),
(1105, 140, 5.78, 1995),
(1106, 141, 9.04, 1995),
(1107, 142, -8.49, 1995),
(1108, 143, 6.90, 1995),
(1109, 144, 33.05, 1995),
(1110, 145, 2.13, 1995),
(1111, 146, 3.58, 1995),
(1112, 147, 1.53, 1995),
(1113, 148, 6.20, 1995),
(1114, 149, 0.97, 1995),
(1115, 150, 5.32, 1995),
(1116, 151, 3.64, 1995),
(1117, 152, 1.62, 1995),
(1118, 153, 2.95, 1995),
(1119, 154, 0.99, 1995),
(1120, 155, 1.93, 1995),
(1121, 156, 2.71, 1995),
(1122, 157, 1.67, 1995),
(1123, 158, 0.26, 1995),
(1124, 159, 2.38, 1995),
(1125, 160, 1.33, 1995),
(1126, 161, 0.74, 1995),
(1127, 162, 1.23, 1995),
(1128, 163, 1.28, 1995),
(1129, 164, 0.46, 1995),
(1130, 165, 0.28, 1995),
(1131, 166, 0.20, 1995),
(1132, 167, -0.31, 1995),
(1133, 168, 0.14, 1995),
(1134, 169, 7.21, 1995),
(1135, 170, 0.32, 1995),
(1136, 171, 0.22, 1995),
(1137, 172, 0.16, 1995),
(1138, 173, 0.43, 1995),
(1139, 174, 0.06, 1995),
(1140, 175, 0.15, 1995),
(1141, 176, 0.09, 1995),
(1142, 177, 0.14, 1995),
(1143, 178, 0.20, 1995),
(1144, 179, 0.07, 1995),
(1145, 180, 0.10, 1995),
(1146, 181, 0.09, 1995),
(1147, 182, 0.14, 1995),
(1148, 183, 0.23, 1995),
(1149, 184, 0.16, 1995),
(1150, 185, 0.03, 1995),
(1151, 186, 0.03, 1995),
(1152, 187, 0.11, 1995),
(1153, 188, 0.01, 1995),
(1154, 189, 0.01, 1995),
(1155, 190, -6.36, 1995),
(1156, 191, 0.40, 1995),
(1157, 192, -1.82, 1995),
(1158, 193, 13.04, 1995),
(1159, 1, 2723.24, 1996),
(1160, 2, 4864.47, 1996),
(1161, 3, 551.62, 1996),
(1162, 4, 1247.79, 1996),
(1163, 5, 713.56, 1996),
(1164, 6, 1109.85, 1996),
(1165, 7, 1300.99, 1996),
(1166, 8, 261.20, 1996),
(1167, 9, 871.55, 1996),
(1168, 10, 369.92, 1996),
(1169, 11, 544.30, 1996),
(1170, 12, 367.55, 1996),
(1171, 13, 217.61, 1996),
(1172, 14, 344.72, 1996),
(1173, 15, 168.39, 1996),
(1174, 16, 280.42, 1996),
(1175, 17, 350.87, 1996),
(1176, 18, 557.28, 1996),
(1177, 19, -38.60, 1996),
(1178, 20, 201.48, 1996),
(1179, 21, 377.54, 1996),
(1180, 22, 357.79, 1996),
(1181, 23, 187.01, 1996),
(1182, 24, 343.64, 1996),
(1183, 25, 98.47, 1996),
(1184, 26, 93.87, 1996),
(1185, 27, 152.31, 1996),
(1186, 28, 169.04, 1996),
(1187, 29, 187.38, 1996),
(1188, 30, 78.42, 1996),
(1189, 31, 144.97, 1996),
(1190, 32, 98.90, 1996),
(1191, 33, 76.69, 1996),
(1192, 34, 151.66, 1996),
(1193, 35, 306.96, 1996),
(1194, 36, 68.43, 1996),
(1195, 37, 87.78, 1996),
(1196, 38, 181.52, 1996),
(1197, 39, 144.90, 1996),
(1198, 40, 98.76, 1996),
(1199, 41, 34.94, 1996),
(1200, 42, 266.53, 1996),
(1201, 43, 35.57, 1996),
(1202, 44, 25.26, 1996),
(1203, 45, 115.57, 1996),
(1204, 46, 84.64, 1996),
(1205, 47, 20.94, 1996),
(1206, 48, 119.19, 1996),
(1207, 49, 54.74, 1996),
(1208, 50, 19.30, 1996),
(1209, 51, 23.59, 1996),
(1210, 52, 60.57, 1996),
(1211, 53, 30.54, 1996),
(1212, 54, 49.52, 1996),
(1213, 55, 25.69, 1996),
(1214, 56, 75.07, 1996),
(1215, 57, 48.71, 1996),
(1216, 58, 51.60, 1996),
(1217, 59, 45.76, 1996),
(1218, 60, 81.71, 1996),
(1219, 61, 45.67, 1996),
(1220, 62, 46.26, 1996),
(1221, 63, 124.85, 1996),
(1222, 64, 36.74, 1996),
(1223, 65, 5.70, 1996),
(1224, 66, 59.99, 1996),
(1225, 67, 43.94, 1996),
(1226, 68, 27.96, 1996),
(1227, 69, 4.12, 1996),
(1228, 70, 32.17, 1996),
(1229, 71, 38.47, 1996),
(1230, 72, 49.75, 1996),
(1231, 73, 57.12, 1996),
(1232, 74, 42.59, 1996),
(1233, 75, 25.75, 1996),
(1234, 76, 19.80, 1996),
(1235, 77, 25.84, 1996),
(1236, 78, 63.98, 1996),
(1237, 79, 50.15, 1996),
(1238, 80, 43.08, 1996),
(1239, 81, 25.61, 1996),
(1240, 82, 14.08, 1996),
(1241, 83, 11.28, 1996),
(1242, 84, 32.77, 1996),
(1243, 85, 74.94, 1996),
(1244, 86, 12.89, 1996),
(1245, 87, 28.13, 1996),
(1246, 88, 16.65, 1996),
(1247, 89, 5.46, 1996),
(1248, 90, 8.07, 1996),
(1249, 91, 41.74, 1996),
(1250, 92, 22.32, 1996),
(1251, 93, 12.84, 1996),
(1252, 94, 68.93, 1996),
(1253, 95, 22.33, 1996),
(1254, 96, 23.44, 1996),
(1255, 97, 0.83, 1996),
(1256, 98, 13.87, 1996),
(1257, 99, 15.39, 1996),
(1258, 100, 7.51, 1996),
(1259, 101, -0.14, 1996),
(1260, 102, 17.93, 1996),
(1261, 103, 14.38, 1996),
(1262, 104, 14.14, 1996),
(1263, 105, 11.68, 1996),
(1264, 106, 11.72, 1996),
(1265, 107, 15.97, 1996),
(1266, 108, 7.81, 1996),
(1267, 109, 19.98, 1996),
(1268, 110, 8.20, 1996),
(1269, 111, 9.44, 1996),
(1270, 112, 10.23, 1996),
(1271, 113, 12.48, 1996),
(1272, 114, 2.90, 1996),
(1273, 115, 13.81, 1996),
(1274, 116, 14.12, 1996),
(1275, 117, 9.27, 1996),
(1276, 118, 10.16, 1996),
(1277, 119, 5.90, 1996),
(1278, 120, 29.16, 1996),
(1279, 121, 18.72, 1996),
(1280, 122, -0.98, 1996),
(1281, 123, 14.84, 1996),
(1282, 124, 5.34, 1996),
(1283, 125, 9.24, 1996),
(1284, 126, -11.90, 1996),
(1285, 127, 10.86, 1996),
(1286, 128, 8.84, 1996),
(1287, 129, 6.09, 1996),
(1288, 130, 10.17, 1996),
(1289, 131, 2.27, 1996),
(1290, 132, 5.47, 1996),
(1291, 133, 8.10, 1996),
(1292, 134, 2.61, 1996),
(1293, 135, 5.14, 1996),
(1294, 136, -1.49, 1996),
(1295, 137, 4.74, 1996),
(1296, 138, 0.65, 1996),
(1297, 139, 9.86, 1996),
(1298, 140, 6.14, 1996),
(1299, 141, 9.41, 1996),
(1300, 142, -7.73, 1996),
(1301, 143, 6.83, 1996),
(1302, 144, 33.47, 1996),
(1303, 145, 2.15, 1996),
(1304, 146, 3.58, 1996),
(1305, 147, 1.59, 1996),
(1306, 148, 6.28, 1996),
(1307, 149, 1.13, 1996),
(1308, 150, 5.33, 1996),
(1309, 151, 4.02, 1996),
(1310, 152, 1.64, 1996),
(1311, 153, 2.96, 1996),
(1312, 154, 1.22, 1996),
(1313, 155, 1.90, 1996),
(1314, 156, 2.98, 1996),
(1315, 157, 1.66, 1996),
(1316, 158, 0.28, 1996),
(1317, 159, 2.32, 1996),
(1318, 160, 1.41, 1996),
(1319, 161, 0.75, 1996),
(1320, 162, 1.31, 1996),
(1321, 163, 1.00, 1996),
(1322, 164, 0.46, 1996),
(1323, 165, 0.30, 1996),
(1324, 166, 0.24, 1996),
(1325, 167, -0.29, 1996),
(1326, 168, 0.14, 1996),
(1327, 169, 6.93, 1996),
(1328, 170, 0.31, 1996),
(1329, 171, 0.24, 1996),
(1330, 172, 0.18, 1996),
(1331, 173, 0.45, 1996),
(1332, 174, 0.06, 1996),
(1333, 175, 0.17, 1996),
(1334, 176, 0.09, 1996),
(1335, 177, 0.14, 1996),
(1336, 178, 0.20, 1996),
(1337, 179, 0.09, 1996),
(1338, 180, 0.08, 1996),
(1339, 181, 0.09, 1996),
(1340, 182, 0.13, 1996),
(1341, 183, 0.23, 1996),
(1342, 184, 0.16, 1996),
(1343, 185, 0.03, 1996),
(1344, 186, 0.03, 1996),
(1345, 187, 0.10, 1996),
(1346, 188, 0.01, 1996),
(1347, 189, 0.01, 1996),
(1348, 190, -6.31, 1996),
(1349, 191, 0.40, 1996),
(1350, 192, -1.76, 1996),
(1351, 193, 13.34, 1996),
(1352, 1, 2786.85, 1997),
(1353, 2, 5134.31, 1997),
(1354, 3, 596.81, 1997),
(1355, 4, 1136.18, 1997),
(1356, 5, 1426.76, 1997),
(1357, 6, 1097.11, 1997),
(1358, 7, 1319.91, 1997),
(1359, 8, 274.00, 1997),
(1360, 9, 839.84, 1997),
(1361, 10, 369.92, 1997),
(1362, 11, 559.49, 1997),
(1363, 12, 389.20, 1997),
(1364, 13, 220.03, 1997),
(1365, 14, 364.48, 1997),
(1366, 15, 176.48, 1997),
(1367, 16, 294.97, 1997),
(1368, 17, 358.48, 1997),
(1369, 18, 535.67, 1997),
(1370, 19, -32.85, 1997),
(1371, 20, 210.16, 1997),
(1372, 21, 380.91, 1997),
(1373, 22, 347.05, 1997),
(1374, 23, 192.91, 1997),
(1375, 24, 334.81, 1997),
(1376, 25, 105.59, 1997),
(1377, 26, 97.41, 1997),
(1378, 27, 131.09, 1997),
(1379, 28, 172.61, 1997),
(1380, 29, 205.87, 1997),
(1381, 30, 81.35, 1997),
(1382, 31, 143.52, 1997),
(1383, 32, 119.02, 1997),
(1384, 33, 75.00, 1997),
(1385, 34, 157.22, 1997),
(1386, 35, 289.07, 1997),
(1387, 36, 75.93, 1997),
(1388, 37, 87.68, 1997),
(1389, 38, 174.15, 1997),
(1390, 39, 144.47, 1997),
(1391, 40, 99.90, 1997),
(1392, 41, 37.08, 1997),
(1393, 42, 272.34, 1997),
(1394, 43, 37.24, 1997),
(1395, 44, 24.23, 1997),
(1396, 45, 112.75, 1997),
(1397, 46, 85.49, 1997),
(1398, 47, 25.39, 1997),
(1399, 48, 116.72, 1997),
(1400, 49, 54.55, 1997),
(1401, 50, 19.92, 1997),
(1402, 51, 25.01, 1997),
(1403, 52, 61.52, 1997),
(1404, 53, 30.46, 1997),
(1405, 54, 49.64, 1997),
(1406, 55, 26.41, 1997),
(1407, 56, 72.45, 1997),
(1408, 57, 50.94, 1997),
(1409, 58, 50.92, 1997),
(1410, 59, 46.14, 1997),
(1411, 60, 82.72, 1997),
(1412, 61, 46.35, 1997),
(1413, 62, 42.81, 1997),
(1414, 63, 114.25, 1997),
(1415, 64, 34.83, 1997),
(1416, 65, 5.81, 1997),
(1417, 66, 58.52, 1997),
(1418, 67, 44.09, 1997),
(1419, 68, 28.16, 1997),
(1420, 69, 4.13, 1997),
(1421, 70, 32.04, 1997),
(1422, 71, 38.11, 1997),
(1423, 72, 54.34, 1997),
(1424, 73, 57.23, 1997),
(1425, 74, 43.67, 1997),
(1426, 75, 26.69, 1997),
(1427, 76, 20.31, 1997),
(1428, 77, 26.13, 1997),
(1429, 78, 64.93, 1997),
(1430, 79, 52.34, 1997),
(1431, 80, 41.82, 1997),
(1432, 81, 24.91, 1997),
(1433, 82, 14.35, 1997),
(1434, 83, 11.33, 1997),
(1435, 84, 32.87, 1997),
(1436, 85, 65.18, 1997),
(1437, 86, 12.95, 1997),
(1438, 87, 34.52, 1997),
(1439, 88, 17.21, 1997),
(1440, 89, 7.23, 1997),
(1441, 90, 8.09, 1997),
(1442, 91, 41.77, 1997),
(1443, 92, 22.52, 1997),
(1444, 93, 12.82, 1997),
(1445, 94, 62.67, 1997),
(1446, 95, 22.69, 1997),
(1447, 96, 25.37, 1997),
(1448, 97, 3.10, 1997),
(1449, 98, 14.37, 1997),
(1450, 99, 15.45, 1997),
(1451, 100, 11.81, 1997),
(1452, 101, 0.10, 1997),
(1453, 102, 17.90, 1997),
(1454, 103, 16.62, 1997),
(1455, 104, 16.14, 1997),
(1456, 105, 11.76, 1997),
(1457, 106, 11.78, 1997),
(1458, 107, 16.23, 1997),
(1459, 108, 8.10, 1997),
(1460, 109, 19.66, 1997),
(1461, 110, 8.40, 1997),
(1462, 111, 9.57, 1997),
(1463, 112, 10.46, 1997),
(1464, 113, 12.53, 1997),
(1465, 114, 2.50, 1997),
(1466, 115, 13.82, 1997),
(1467, 116, 14.12, 1997),
(1468, 117, 9.76, 1997),
(1469, 118, 10.24, 1997),
(1470, 119, 6.34, 1997),
(1471, 120, 29.28, 1997),
(1472, 121, 18.36, 1997),
(1473, 122, -1.05, 1997),
(1474, 123, 15.89, 1997),
(1475, 124, 5.38, 1997),
(1476, 125, 8.99, 1997),
(1477, 126, -12.75, 1997),
(1478, 127, 11.70, 1997),
(1479, 128, 8.84, 1997),
(1480, 129, 6.61, 1997),
(1481, 130, 9.35, 1997),
(1482, 131, 2.55, 1997),
(1483, 132, 6.40, 1997),
(1484, 133, 7.60, 1997),
(1485, 134, 3.45, 1997),
(1486, 135, 5.64, 1997),
(1487, 136, -1.93, 1997),
(1488, 137, 4.66, 1997),
(1489, 138, 0.74, 1997),
(1490, 139, 8.79, 1997),
(1491, 140, 6.24, 1997),
(1492, 141, 9.57, 1997),
(1493, 142, -7.62, 1997),
(1494, 143, 6.91, 1997),
(1495, 144, 31.16, 1997),
(1496, 145, 1.66, 1997),
(1497, 146, 3.55, 1997),
(1498, 147, 1.60, 1997),
(1499, 148, 6.28, 1997),
(1500, 149, 1.34, 1997),
(1501, 150, 5.36, 1997),
(1502, 151, 3.43, 1997),
(1503, 152, 1.68, 1997),
(1504, 153, 2.98, 1997),
(1505, 154, 1.33, 1997),
(1506, 155, 1.70, 1997),
(1507, 156, 2.86, 1997),
(1508, 157, 1.68, 1997),
(1509, 158, 0.34, 1997),
(1510, 159, 2.47, 1997),
(1511, 160, 1.63, 1997),
(1512, 161, 0.76, 1997),
(1513, 162, 1.26, 1997),
(1514, 163, 1.02, 1997),
(1515, 164, 0.46, 1997),
(1516, 165, 0.32, 1997),
(1517, 166, 0.28, 1997),
(1518, 167, -0.28, 1997),
(1519, 168, 0.14, 1997),
(1520, 169, 6.90, 1997),
(1521, 170, 0.34, 1997),
(1522, 171, 0.24, 1997),
(1523, 172, 0.18, 1997),
(1524, 173, 0.47, 1997),
(1525, 174, 0.06, 1997),
(1526, 175, 0.18, 1997),
(1527, 176, 0.10, 1997),
(1528, 177, 0.15, 1997),
(1529, 178, 0.20, 1997),
(1530, 179, 0.09, 1997),
(1531, 180, 0.09, 1997),
(1532, 181, 0.09, 1997),
(1533, 182, 0.15, 1997),
(1534, 183, 0.24, 1997),
(1535, 184, 0.17, 1997),
(1536, 185, 0.03, 1997),
(1537, 186, 0.03, 1997),
(1538, 187, 0.10, 1997),
(1539, 188, 0.01, 1997),
(1540, 189, 0.01, 1997),
(1541, 190, -6.23, 1997),
(1542, 191, 0.40, 1997),
(1543, 192, -1.78, 1997),
(1544, 193, 13.46, 1997),
(1545, 1, 2889.03, 1998),
(1546, 2, 5181.57, 1998),
(1547, 3, 613.83, 1998),
(1548, 4, 1134.65, 1998),
(1549, 5, 847.83, 1998),
(1550, 6, 1054.77, 1998),
(1551, 7, 1329.15, 1998),
(1552, 8, 272.80, 1998),
(1553, 9, 832.45, 1998),
(1554, 10, 369.92, 1998),
(1555, 11, 567.84, 1998),
(1556, 12, 324.13, 1998),
(1557, 13, 233.86, 1998),
(1558, 14, 387.17, 1998),
(1559, 15, 176.74, 1998),
(1560, 16, 302.59, 1998),
(1561, 17, 378.25, 1998),
(1562, 18, 537.50, 1998),
(1563, 19, -28.05, 1998),
(1564, 20, 228.86, 1998),
(1565, 21, 391.76, 1998),
(1566, 22, 320.81, 1998),
(1567, 23, 171.91, 1998),
(1568, 24, 356.84, 1998),
(1569, 25, 110.52, 1998),
(1570, 26, 98.24, 1998),
(1571, 27, 134.63, 1998),
(1572, 28, 179.18, 1998),
(1573, 29, 213.50, 1998),
(1574, 30, 83.37, 1998),
(1575, 31, 133.70, 1998),
(1576, 32, 91.93, 1998),
(1577, 33, 75.22, 1998),
(1578, 34, 157.47, 1998),
(1579, 35, 270.14, 1998),
(1580, 36, 75.64, 1998),
(1581, 37, 86.69, 1998),
(1582, 38, 174.54, 1998),
(1583, 39, 145.81, 1998),
(1584, 40, 115.43, 1998),
(1585, 41, 37.27, 1998),
(1586, 42, 274.10, 1998),
(1587, 43, 42.08, 1998),
(1588, 44, 24.47, 1998),
(1589, 45, 115.53, 1998),
(1590, 46, 85.04, 1998),
(1591, 47, 26.50, 1998),
(1592, 48, 110.48, 1998),
(1593, 49, 54.36, 1998),
(1594, 50, 19.44, 1998),
(1595, 51, 25.74, 1998),
(1596, 52, 61.04, 1998),
(1597, 53, 31.75, 1998),
(1598, 54, 49.60, 1998),
(1599, 55, 27.03, 1998),
(1600, 56, 67.33, 1998),
(1601, 57, 51.48, 1998),
(1602, 58, 51.37, 1998),
(1603, 59, 46.30, 1998),
(1604, 60, 86.08, 1998),
(1605, 61, 44.67, 1998),
(1606, 62, 42.42, 1998),
(1607, 63, 100.18, 1998),
(1608, 64, 31.55, 1998),
(1609, 65, 6.05, 1998),
(1610, 66, 58.88, 1998),
(1611, 67, 44.71, 1998),
(1612, 68, 28.37, 1998),
(1613, 69, 4.13, 1998),
(1614, 70, 32.10, 1998),
(1615, 71, 37.00, 1998),
(1616, 72, 54.37, 1998),
(1617, 73, 57.42, 1998),
(1618, 74, 46.12, 1998),
(1619, 75, 26.25, 1998),
(1620, 76, 20.20, 1998),
(1621, 77, 26.88, 1998),
(1622, 78, 64.98, 1998),
(1623, 79, 57.01, 1998),
(1624, 80, 43.32, 1998),
(1625, 81, 24.91, 1998),
(1626, 82, 15.40, 1998),
(1627, 83, 11.36, 1998),
(1628, 84, 32.00, 1998),
(1629, 85, 61.27, 1998),
(1630, 86, 13.02, 1998),
(1631, 87, 35.25, 1998),
(1632, 88, 18.01, 1998),
(1633, 89, 9.35, 1998),
(1634, 90, 8.10, 1998),
(1635, 91, 44.31, 1998),
(1636, 92, 23.02, 1998),
(1637, 93, 13.09, 1998),
(1638, 94, 63.69, 1998),
(1639, 95, 24.43, 1998),
(1640, 96, 26.72, 1998),
(1641, 97, 2.59, 1998),
(1642, 98, 14.62, 1998),
(1643, 99, 15.61, 1998),
(1644, 100, 14.08, 1998),
(1645, 101, 0.24, 1998),
(1646, 102, 17.87, 1998),
(1647, 103, 16.29, 1998),
(1648, 104, 16.27, 1998),
(1649, 105, 12.40, 1998),
(1650, 106, 11.86, 1998),
(1651, 107, 16.21, 1998),
(1652, 108, 8.48, 1998),
(1653, 109, 20.43, 1998),
(1654, 110, 8.43, 1998),
(1655, 111, 10.21, 1998),
(1656, 112, 11.55, 1998),
(1657, 113, 12.58, 1998),
(1658, 114, 3.12, 1998),
(1659, 115, 13.86, 1998),
(1660, 116, 14.18, 1998),
(1661, 117, 10.00, 1998),
(1662, 118, 10.20, 1998),
(1663, 119, 6.11, 1998),
(1664, 120, 29.49, 1998),
(1665, 121, 17.07, 1998),
(1666, 122, -1.07, 1998),
(1667, 123, 16.83, 1998),
(1668, 124, 5.39, 1998),
(1669, 125, 9.82, 1998),
(1670, 126, -13.28, 1998),
(1671, 127, 12.51, 1998),
(1672, 128, 8.82, 1998),
(1673, 129, 8.84, 1998),
(1674, 130, 8.42, 1998),
(1675, 131, 2.80, 1998),
(1676, 132, 6.75, 1998),
(1677, 133, 6.93, 1998),
(1678, 134, 3.62, 1998),
(1679, 135, 6.03, 1998),
(1680, 136, -2.29, 1998),
(1681, 137, 5.00, 1998),
(1682, 138, 0.93, 1998),
(1683, 139, 9.65, 1998),
(1684, 140, 6.54, 1998),
(1685, 141, 10.12, 1998),
(1686, 142, -7.41, 1998),
(1687, 143, 6.89, 1998),
(1688, 144, 28.64, 1998),
(1689, 145, 1.99, 1998),
(1690, 146, 3.57, 1998),
(1691, 147, 1.77, 1998),
(1692, 148, 6.34, 1998),
(1693, 149, 1.38, 1998),
(1694, 150, 5.40, 1998),
(1695, 151, 3.86, 1998),
(1696, 152, 1.71, 1998),
(1697, 153, 2.98, 1998),
(1698, 154, 1.42, 1998),
(1699, 155, 2.09, 1998),
(1700, 156, 2.86, 1998),
(1701, 157, 1.66, 1998),
(1702, 158, 0.31, 1998),
(1703, 159, 2.37, 1998),
(1704, 160, 1.65, 1998),
(1705, 161, 0.77, 1998),
(1706, 162, 1.05, 1998),
(1707, 163, 1.04, 1998),
(1708, 164, 0.46, 1998),
(1709, 165, 0.34, 1998),
(1710, 166, 0.29, 1998),
(1711, 167, -0.26, 1998),
(1712, 168, 0.15, 1998),
(1713, 169, 7.42, 1998),
(1714, 170, 0.39, 1998),
(1715, 171, 0.25, 1998),
(1716, 172, 0.21, 1998),
(1717, 173, 0.49, 1998),
(1718, 174, 0.06, 1998),
(1719, 175, 0.20, 1998),
(1720, 176, 0.12, 1998),
(1721, 177, 0.16, 1998),
(1722, 178, 0.20, 1998),
(1723, 179, 0.09, 1998),
(1724, 180, 0.09, 1998),
(1725, 181, 0.10, 1998),
(1726, 182, 0.15, 1998),
(1727, 183, 0.25, 1998),
(1728, 184, 0.18, 1998),
(1729, 185, 0.03, 1998),
(1730, 186, 0.03, 1998),
(1731, 187, 0.10, 1998),
(1732, 188, 0.01, 1998),
(1733, 189, 0.01, 1998),
(1734, 190, -6.23, 1998),
(1735, 191, 0.40, 1998),
(1736, 192, -1.80, 1998),
(1737, 193, 15.30, 1998),
(1738, 1, 2806.43, 1999),
(1739, 2, 5200.16, 1999),
(1740, 3, 678.87, 1999),
(1741, 4, 1170.92, 1999),
(1742, 5, 788.02, 1999),
(1743, 6, 1093.46, 1999),
(1744, 7, 1339.54, 1999),
(1745, 8, 305.51, 1999),
(1746, 9, 800.70, 1999),
(1747, 10, 369.73, 1999),
(1748, 11, 577.66, 1999),
(1749, 12, 359.44, 1999),
(1750, 13, 239.49, 1999),
(1751, 14, 377.19, 1999),
(1752, 15, 175.71, 1999),
(1753, 16, 284.70, 1999),
(1754, 17, 384.41, 1999),
(1755, 18, 534.21, 1999),
(1756, 19, -27.17, 1999),
(1757, 20, 217.32, 1999),
(1758, 21, 398.40, 1999),
(1759, 22, 311.28, 1999),
(1760, 23, 180.44, 1999),
(1761, 24, 350.63, 1999),
(1762, 25, 116.07, 1999),
(1763, 26, 106.82, 1999),
(1764, 27, 121.49, 1999),
(1765, 28, 181.02, 1999),
(1766, 29, 235.63, 1999),
(1767, 30, 85.61, 1999),
(1768, 31, 132.08, 1999),
(1769, 32, 72.91, 1999),
(1770, 33, 78.07, 1999),
(1771, 34, 148.34, 1999),
(1772, 35, 266.41, 1999),
(1773, 36, 73.34, 1999),
(1774, 37, 88.79, 1999),
(1775, 38, 169.41, 1999),
(1776, 39, 146.64, 1999),
(1777, 40, 115.66, 1999),
(1778, 41, 38.00, 1999),
(1779, 42, 270.32, 1999),
(1780, 43, 45.69, 1999),
(1781, 44, 26.22, 1999),
(1782, 45, 111.63, 1999),
(1783, 46, 84.59, 1999),
(1784, 47, 29.00, 1999),
(1785, 48, 103.07, 1999),
(1786, 49, 54.20, 1999),
(1787, 50, 21.89, 1999),
(1788, 51, 27.30, 1999),
(1789, 52, 58.18, 1999),
(1790, 53, 37.55, 1999),
(1791, 54, 49.59, 1999),
(1792, 55, 27.87, 1999),
(1793, 56, 73.03, 1999),
(1794, 57, 52.96, 1999),
(1795, 58, 49.75, 1999),
(1796, 59, 46.30, 1999),
(1797, 60, 86.35, 1999),
(1798, 61, 42.88, 1999),
(1799, 62, 43.68, 1999),
(1800, 63, 85.63, 1999),
(1801, 64, 31.15, 1999),
(1802, 65, 6.08, 1999),
(1803, 66, 59.43, 1999),
(1804, 67, 44.91, 1999),
(1805, 68, 28.36, 1999),
(1806, 69, 4.14, 1999),
(1807, 70, 32.19, 1999),
(1808, 71, 37.75, 1999),
(1809, 72, 37.86, 1999),
(1810, 73, 57.19, 1999),
(1811, 74, 47.64, 1999),
(1812, 75, 26.83, 1999),
(1813, 76, 19.83, 1999),
(1814, 77, 27.91, 1999),
(1815, 78, 66.83, 1999),
(1816, 79, 63.61, 1999),
(1817, 80, 43.60, 1999),
(1818, 81, 24.54, 1999),
(1819, 82, 15.39, 1999),
(1820, 83, 11.38, 1999),
(1821, 84, 31.26, 1999),
(1822, 85, 58.27, 1999),
(1823, 86, 13.15, 1999),
(1824, 87, 37.68, 1999),
(1825, 88, 19.05, 1999),
(1826, 89, 10.53, 1999),
(1827, 90, 8.11, 1999),
(1828, 91, 43.55, 1999),
(1829, 92, 23.04, 1999),
(1830, 93, 13.98, 1999),
(1831, 94, 62.69, 1999),
(1832, 95, 24.34, 1999),
(1833, 96, 28.57, 1999),
(1834, 97, 4.02, 1999),
(1835, 98, 14.63, 1999),
(1836, 99, 15.63, 1999),
(1837, 100, 13.84, 1999),
(1838, 101, 1.27, 1999),
(1839, 102, 17.85, 1999),
(1840, 103, 17.17, 1999),
(1841, 104, 17.05, 1999),
(1842, 105, 12.52, 1999),
(1843, 106, 11.93, 1999),
(1844, 107, 16.33, 1999),
(1845, 108, 8.85, 1999),
(1846, 109, 17.93, 1999),
(1847, 110, 8.55, 1999),
(1848, 111, 10.28, 1999),
(1849, 112, 10.84, 1999),
(1850, 113, 12.54, 1999),
(1851, 114, 3.42, 1999),
(1852, 115, 13.77, 1999),
(1853, 116, 14.19, 1999),
(1854, 117, 9.98, 1999),
(1855, 118, 10.25, 1999),
(1856, 119, 5.56, 1999),
(1857, 120, 29.58, 1999),
(1858, 121, 16.49, 1999),
(1859, 122, -1.27, 1999),
(1860, 123, 17.66, 1999),
(1861, 124, 5.47, 1999),
(1862, 125, 9.50, 1999),
(1863, 126, -13.75, 1999),
(1864, 127, 14.13, 1999),
(1865, 128, 8.86, 1999),
(1866, 129, 5.64, 1999),
(1867, 130, 7.12, 1999),
(1868, 131, 2.58, 1999),
(1869, 132, 6.69, 1999),
(1870, 133, 7.28, 1999),
(1871, 134, 3.23, 1999),
(1872, 135, 7.38, 1999),
(1873, 136, -2.71, 1999),
(1874, 137, 3.76, 1999),
(1875, 138, 0.97, 1999),
(1876, 139, 8.88, 1999),
(1877, 140, 6.80, 1999),
(1878, 141, 10.40, 1999),
(1879, 142, -6.40, 1999),
(1880, 143, 6.86, 1999),
(1881, 144, 22.48, 1999),
(1882, 145, 3.17, 1999),
(1883, 146, 3.54, 1999),
(1884, 147, 2.18, 1999),
(1885, 148, 6.32, 1999),
(1886, 149, 1.45, 1999),
(1887, 150, 5.44, 1999),
(1888, 151, 4.37, 1999),
(1889, 152, 1.73, 1999),
(1890, 153, 2.99, 1999),
(1891, 154, 0.87, 1999),
(1892, 155, 2.14, 1999),
(1893, 156, 2.82, 1999),
(1894, 157, 1.68, 1999),
(1895, 158, 0.43, 1999),
(1896, 159, 2.41, 1999),
(1897, 160, 1.74, 1999),
(1898, 161, 0.79, 1999),
(1899, 162, 1.08, 1999),
(1900, 163, 1.13, 1999),
(1901, 164, 0.46, 1999),
(1902, 165, 0.36, 1999),
(1903, 166, 0.31, 1999),
(1904, 167, -0.21, 1999),
(1905, 168, 0.16, 1999),
(1906, 169, 7.44, 1999),
(1907, 170, 0.39, 1999),
(1908, 171, 0.25, 1999),
(1909, 172, 0.23, 1999),
(1910, 173, 0.51, 1999),
(1911, 174, 0.06, 1999),
(1912, 175, 0.21, 1999),
(1913, 176, 0.13, 1999),
(1914, 177, 0.17, 1999),
(1915, 178, 0.20, 1999),
(1916, 179, 0.09, 1999),
(1917, 180, 0.11, 1999),
(1918, 181, 0.10, 1999),
(1919, 182, 0.16, 1999),
(1920, 183, 0.25, 1999),
(1921, 184, 0.17, 1999),
(1922, 185, 0.03, 1999),
(1923, 186, 0.03, 1999),
(1924, 187, 0.09, 1999),
(1925, 188, 0.01, 1999),
(1926, 189, 0.01, 1999),
(1927, 190, -6.23, 1999),
(1928, 191, 0.40, 1999),
(1929, 192, -1.78, 1999),
(1930, 193, 15.68, 1999),
(1931, 1, 2999.31, 2000),
(1932, 2, 5367.05, 2000),
(1933, 3, 715.38, 2000),
(1934, 4, 1211.18, 2000),
(1935, 5, 734.06, 2000),
(1936, 6, 1108.92, 2000),
(1937, 7, 1352.25, 2000),
(1938, 8, 323.05, 2000),
(1939, 9, 797.32, 2000),
(1940, 10, 369.26, 2000),
(1941, 11, 597.87, 2000),
(1942, 12, 404.80, 2000),
(1943, 13, 249.61, 2000),
(1944, 14, 401.13, 2000),
(1945, 15, 199.45, 2000),
(1946, 16, 290.89, 2000),
(1947, 17, 390.16, 2000),
(1948, 18, 542.28, 2000),
(1949, 19, -22.43, 2000),
(1950, 20, 227.72, 2000),
(1951, 21, 401.68, 2000),
(1952, 22, 298.05, 2000),
(1953, 23, 180.28, 2000),
(1954, 24, 348.85, 2000),
(1955, 25, 114.16, 2000),
(1956, 26, 106.42, 2000),
(1957, 27, 118.92, 2000),
(1958, 28, 178.80, 2000),
(1959, 29, 250.65, 2000),
(1960, 30, 84.65, 2000),
(1961, 31, 142.90, 2000),
(1962, 32, 87.86, 2000),
(1963, 33, 80.62, 2000),
(1964, 34, 151.45, 2000),
(1965, 35, 258.00, 2000),
(1966, 36, 73.57, 2000),
(1967, 37, 88.35, 2000),
(1968, 38, 170.03, 2000),
(1969, 39, 147.35, 2000),
(1970, 40, 122.97, 2000),
(1971, 41, 38.47, 2000),
(1972, 42, 276.43, 2000),
(1973, 43, 49.78, 2000),
(1974, 44, 23.98, 2000),
(1975, 45, 113.31, 2000),
(1976, 46, 84.42, 2000),
(1977, 47, 28.66, 2000),
(1978, 48, 115.43, 2000),
(1979, 49, 54.64, 2000),
(1980, 50, 25.02, 2000),
(1981, 51, 27.98, 2000),
(1982, 52, 58.62, 2000),
(1983, 53, 38.39, 2000),
(1984, 54, 49.78, 2000),
(1985, 55, 26.46, 2000),
(1986, 56, 78.24, 2000),
(1987, 57, 56.97, 2000),
(1988, 58, 50.24, 2000),
(1989, 59, 45.56, 2000),
(1990, 60, 93.41, 2000),
(1991, 61, 40.96, 2000),
(1992, 62, 45.23, 2000),
(1993, 63, 89.67, 2000),
(1994, 64, 30.14, 2000),
(1995, 65, 6.13, 2000),
(1996, 66, 56.16, 2000),
(1997, 67, 45.10, 2000),
(1998, 68, 28.74, 2000),
(1999, 69, 4.15, 2000),
(2000, 70, 32.59, 2000),
(2001, 71, 42.07, 2000),
(2002, 72, 41.08, 2000),
(2003, 73, 57.65, 2000),
(2004, 74, 50.19, 2000),
(2005, 75, 27.21, 2000),
(2006, 76, 19.96, 2000),
(2007, 77, 29.23, 2000),
(2008, 78, 66.51, 2000),
(2009, 79, 63.06, 2000),
(2010, 80, 42.79, 2000),
(2011, 81, 26.10, 2000),
(2012, 82, 15.84, 2000),
(2013, 83, 11.41, 2000),
(2014, 84, 28.67, 2000),
(2015, 85, 54.15, 2000),
(2016, 86, 13.20, 2000),
(2017, 87, 33.67, 2000),
(2018, 88, 20.14, 2000),
(2019, 89, 11.40, 2000),
(2020, 90, 7.92, 2000),
(2021, 91, 44.09, 2000),
(2022, 92, 23.26, 2000),
(2023, 93, 15.41, 2000),
(2024, 94, 58.88, 2000),
(2025, 95, 25.57, 2000),
(2026, 96, 23.20, 2000),
(2027, 97, 4.86, 2000),
(2028, 98, 16.27, 2000),
(2029, 99, 15.63, 2000),
(2030, 100, 17.28, 2000),
(2031, 101, 1.38, 2000),
(2032, 102, 17.84, 2000),
(2033, 103, 17.53, 2000),
(2034, 104, 15.69, 2000),
(2035, 105, 12.83, 2000),
(2036, 106, 11.98, 2000),
(2037, 107, 16.42, 2000),
(2038, 108, 8.95, 2000),
(2039, 109, 16.20, 2000),
(2040, 110, 8.48, 2000),
(2041, 111, 10.52, 2000),
(2042, 112, 11.11, 2000),
(2043, 113, 12.50, 2000),
(2044, 114, 4.33, 2000),
(2045, 115, 13.80, 2000),
(2046, 116, 14.19, 2000),
(2047, 117, 10.28, 2000),
(2048, 118, 10.28, 2000),
(2049, 119, 5.19, 2000),
(2050, 120, 29.56, 2000),
(2051, 121, 16.07, 2000),
(2052, 122, -1.31, 2000),
(2053, 123, 17.12, 2000),
(2054, 124, 4.80, 2000),
(2055, 125, 9.55, 2000),
(2056, 126, -13.49, 2000),
(2057, 127, 15.12, 2000),
(2058, 128, 8.80, 2000),
(2059, 129, 5.94, 2000),
(2060, 130, 6.48, 2000),
(2061, 131, 2.23, 2000),
(2062, 132, 6.71, 2000),
(2063, 133, 8.01, 2000),
(2064, 134, 3.69, 2000),
(2065, 135, 5.94, 2000),
(2066, 136, -3.10, 2000),
(2067, 137, 3.62, 2000),
(2068, 138, 1.41, 2000),
(2069, 139, 8.52, 2000),
(2070, 140, 7.06, 2000),
(2071, 141, 10.49, 2000),
(2072, 142, -7.73, 2000),
(2073, 143, 6.91, 2000),
(2074, 144, 21.58, 2000),
(2075, 145, 3.37, 2000),
(2076, 146, 3.61, 2000),
(2077, 147, 2.41, 2000),
(2078, 148, 6.33, 2000),
(2079, 149, 1.54, 2000),
(2080, 150, 5.47, 2000),
(2081, 151, 3.93, 2000),
(2082, 152, 1.75, 2000),
(2083, 153, 3.15, 2000),
(2084, 154, 1.18, 2000),
(2085, 155, 2.12, 2000),
(2086, 156, 2.93, 2000),
(2087, 157, 1.63, 2000),
(2088, 158, 0.46, 2000),
(2089, 159, 2.13, 2000),
(2090, 160, 1.84, 2000),
(2091, 161, 0.77, 2000),
(2092, 162, 1.07, 2000),
(2093, 163, 0.96, 2000),
(2094, 164, 0.46, 2000),
(2095, 165, 0.37, 2000),
(2096, 166, 0.29, 2000),
(2097, 167, -0.20, 2000),
(2098, 168, 0.17, 2000),
(2099, 169, 7.35, 2000),
(2100, 170, 0.37, 2000),
(2101, 171, 0.26, 2000),
(2102, 172, 0.23, 2000),
(2103, 173, 0.52, 2000),
(2104, 174, 0.06, 2000),
(2105, 175, 0.20, 2000),
(2106, 176, 0.11, 2000),
(2107, 177, 0.18, 2000),
(2108, 178, 0.21, 2000),
(2109, 179, 0.09, 2000),
(2110, 180, 0.10, 2000),
(2111, 181, 0.10, 2000),
(2112, 182, 0.18, 2000),
(2113, 183, 0.24, 2000),
(2114, 184, 0.16, 2000),
(2115, 185, 0.04, 2000),
(2116, 186, 0.03, 2000),
(2117, 187, 0.09, 2000),
(2118, 188, 0.01, 2000),
(2119, 189, 0.01, 2000),
(2120, 190, -6.22, 2000),
(2121, 191, 0.40, 2000),
(2122, 192, -1.73, 2000),
(2123, 193, 14.81, 2000),
(2124, 1, 3198.98, 2001),
(2125, 2, 5356.61, 2001),
(2126, 3, 957.15, 2001),
(2127, 4, 820.07, 2001),
(2128, 5, 569.72, 2001),
(2129, 6, 1075.14, 2001),
(2130, 7, 1420.52, 2001),
(2131, 8, 313.63, 2001),
(2132, 9, 847.71, 2001),
(2133, 10, 369.19, 2001),
(2134, 11, 826.06, 2001),
(2135, 12, 396.55, 2001),
(2136, 13, 254.05, 2001),
(2137, 14, 311.79, 2001),
(2138, 15, 154.81, 2001),
(2139, 16, 326.85, 2001),
(2140, 17, 375.32, 2001),
(2141, 18, 558.21, 2001),
(2142, 19, 73.56, 2001),
(2143, 20, 219.32, 2001),
(2144, 21, 401.77, 2001),
(2145, 22, 237.93, 2001),
(2146, 23, 144.90, 2001),
(2147, 24, 311.10, 2001),
(2148, 25, 126.49, 2001),
(2149, 26, 106.90, 2001),
(2150, 27, 115.52, 2001),
(2151, 28, 222.25, 2001),
(2152, 29, 275.58, 2001),
(2153, 30, 97.13, 2001),
(2154, 31, 147.61, 2001),
(2155, 32, 97.88, 2001),
(2156, 33, 76.24, 2001),
(2157, 34, 139.86, 2001),
(2158, 35, 285.67, 2001),
(2159, 36, 71.95, 2001),
(2160, 37, 91.31, 2001),
(2161, 38, 174.79, 2001),
(2162, 39, 128.48, 2001),
(2163, 40, 114.03, 2001),
(2164, 41, 43.90, 2001),
(2165, 42, 222.69, 2001),
(2166, 43, 53.13, 2001),
(2167, 44, 24.49, 2001),
(2168, 45, 115.38, 2001),
(2169, 46, 64.70, 2001),
(2170, 47, 28.65, 2001),
(2171, 48, 117.55, 2001),
(2172, 49, 54.80, 2001),
(2173, 50, 27.93, 2001),
(2174, 51, 31.75, 2001),
(2175, 52, 52.74, 2001),
(2176, 53, 38.84, 2001),
(2177, 54, 50.34, 2001),
(2178, 55, 51.53, 2001),
(2179, 56, 76.14, 2001),
(2180, 57, 57.95, 2001),
(2181, 58, 61.93, 2001),
(2182, 59, 59.92, 2001),
(2183, 60, 95.41, 2001),
(2184, 61, 47.65, 2001),
(2185, 62, 44.93, 2001),
(2186, 63, 92.49, 2001),
(2187, 64, 51.53, 2001),
(2188, 65, 5.73, 2001),
(2189, 66, 58.58, 2001),
(2190, 67, 44.94, 2001);
INSERT INTO `Emissions` (`id`, `country_id`, `emission`, `year`) VALUES
(2191, 68, 34.16, 2001),
(2192, 69, 1.94, 2001),
(2193, 70, 32.42, 2001),
(2194, 71, 41.98, 2001),
(2195, 72, 10.62, 2001),
(2196, 73, 45.97, 2001),
(2197, 74, 52.81, 2001),
(2198, 75, 28.08, 2001),
(2199, 76, 20.00, 2001),
(2200, 77, 29.38, 2001),
(2201, 78, 32.44, 2001),
(2202, 79, 61.93, 2001),
(2203, 80, 43.38, 2001),
(2204, 81, 24.58, 2001),
(2205, 82, 16.35, 2001),
(2206, 83, 13.17, 2001),
(2207, 84, 30.21, 2001),
(2208, 85, 55.44, 2001),
(2209, 86, 17.42, 2001),
(2210, 87, 12.94, 2001),
(2211, 88, 20.66, 2001),
(2212, 89, 17.05, 2001),
(2213, 90, 17.02, 2001),
(2214, 91, 44.31, 2001),
(2215, 92, 27.53, 2001),
(2216, 93, 13.21, 2001),
(2217, 94, 44.53, 2001),
(2218, 95, 23.56, 2001),
(2219, 96, 15.86, 2001),
(2220, 97, 10.11, 2001),
(2221, 98, 16.25, 2001),
(2222, 99, 15.64, 2001),
(2223, 100, 14.18, 2001),
(2224, 101, -1.22, 2001),
(2225, 102, 17.86, 2001),
(2226, 103, 17.21, 2001),
(2227, 104, 16.90, 2001),
(2228, 105, 12.61, 2001),
(2229, 106, 12.41, 2001),
(2230, 107, 12.45, 2001),
(2231, 108, 10.82, 2001),
(2232, 109, 16.33, 2001),
(2233, 110, 9.17, 2001),
(2234, 111, 11.16, 2001),
(2235, 112, 10.45, 2001),
(2236, 113, 13.02, 2001),
(2237, 114, 23.05, 2001),
(2238, 115, 13.83, 2001),
(2239, 116, 14.20, 2001),
(2240, 117, 11.75, 2001),
(2241, 118, 10.49, 2001),
(2242, 119, 3.87, 2001),
(2243, 120, 22.68, 2001),
(2244, 121, 16.38, 2001),
(2245, 122, 1.21, 2001),
(2246, 123, 18.36, 2001),
(2247, 124, 5.17, 2001),
(2248, 125, 9.19, 2001),
(2249, 126, 0.00, 2001),
(2250, 127, 16.14, 2001),
(2251, 128, 8.79, 2001),
(2252, 129, 5.93, 2001),
(2253, 130, 6.09, 2001),
(2254, 131, 1.80, 2001),
(2255, 132, 6.95, 2001),
(2256, 133, 8.60, 2001),
(2257, 134, 3.73, 2001),
(2258, 135, 6.92, 2001),
(2259, 136, -3.85, 2001),
(2260, 137, 3.95, 2001),
(2261, 138, 1.61, 2001),
(2262, 139, 8.67, 2001),
(2263, 140, 6.73, 2001),
(2264, 141, 7.63, 2001),
(2265, 142, -4.98, 2001),
(2266, 143, 3.68, 2001),
(2267, 144, 22.57, 2001),
(2268, 145, 2.11, 2001),
(2269, 146, 3.72, 2001),
(2270, 147, 2.65, 2001),
(2271, 148, 1.89, 2001),
(2272, 149, 1.67, 2001),
(2273, 150, 3.34, 2001),
(2274, 151, 2.12, 2001),
(2275, 152, 1.77, 2001),
(2276, 153, 2.95, 2001),
(2277, 154, -2.46, 2001),
(2278, 155, 2.04, 2001),
(2279, 156, 2.83, 2001),
(2280, 157, 1.64, 2001),
(2281, 158, 0.48, 2001),
(2282, 159, 2.49, 2001),
(2283, 160, 1.73, 2001),
(2284, 161, 0.84, 2001),
(2285, 162, 1.15, 2001),
(2286, 163, 0.98, 2001),
(2287, 164, 0.46, 2001),
(2288, 165, 0.39, 2001),
(2289, 166, 0.32, 2001),
(2290, 167, 0.30, 2001),
(2291, 168, 0.17, 2001),
(2292, 169, 4.91, 2001),
(2293, 170, 0.38, 2001),
(2294, 171, 0.27, 2001),
(2295, 172, 0.27, 2001),
(2296, 173, 0.52, 2001),
(2297, 174, 0.06, 2001),
(2298, 175, 0.21, 2001),
(2299, 176, 0.19, 2001),
(2300, 177, 0.19, 2001),
(2301, 178, 0.22, 2001),
(2302, 179, 0.10, 2001),
(2303, 180, 0.09, 2001),
(2304, 181, 0.11, 2001),
(2305, 182, 0.13, 2001),
(2306, 183, 0.24, 2001),
(2307, 184, 0.14, 2001),
(2308, 185, 0.04, 2001),
(2309, 186, 0.05, 2001),
(2310, 187, 0.08, 2001),
(2311, 188, 0.01, 2001),
(2312, 189, 0.01, 2001),
(2313, 190, -6.23, 2001),
(2314, 191, 0.40, 2001),
(2315, 192, -1.53, 2001),
(2316, 193, 51.28, 2001),
(2317, 1, 3466.06, 2002),
(2318, 2, 5201.38, 2002),
(2319, 3, 989.08, 2002),
(2320, 4, 818.14, 2002),
(2321, 5, 941.10, 2002),
(2322, 6, 1109.52, 2002),
(2323, 7, 1418.91, 2002),
(2324, 8, 329.31, 2002),
(2325, 9, 833.30, 2002),
(2326, 10, 369.27, 2002),
(2327, 11, 843.88, 2002),
(2328, 12, 400.88, 2002),
(2329, 13, 272.21, 2002),
(2330, 14, 319.02, 2002),
(2331, 15, 165.14, 2002),
(2332, 16, 337.75, 2002),
(2333, 17, 383.03, 2002),
(2334, 18, 543.70, 2002),
(2335, 19, 85.67, 2002),
(2336, 20, 232.18, 2002),
(2337, 21, 408.67, 2002),
(2338, 22, 231.55, 2002),
(2339, 23, 157.04, 2002),
(2340, 24, 305.36, 2002),
(2341, 25, 129.22, 2002),
(2342, 26, 109.39, 2002),
(2343, 27, 128.98, 2002),
(2344, 28, 214.49, 2002),
(2345, 29, 293.58, 2002),
(2346, 30, 99.09, 2002),
(2347, 31, 137.94, 2002),
(2348, 32, 91.45, 2002),
(2349, 33, 80.00, 2002),
(2350, 34, 137.65, 2002),
(2351, 35, 288.97, 2002),
(2352, 36, 73.10, 2002),
(2353, 37, 92.50, 2002),
(2354, 38, 174.95, 2002),
(2355, 39, 127.87, 2002),
(2356, 40, 118.20, 2002),
(2357, 41, 45.51, 2002),
(2358, 42, 227.55, 2002),
(2359, 43, 55.53, 2002),
(2360, 44, 23.23, 2002),
(2361, 45, 107.88, 2002),
(2362, 46, 65.23, 2002),
(2363, 47, 32.49, 2002),
(2364, 48, 113.41, 2002),
(2365, 49, 55.22, 2002),
(2366, 50, 29.87, 2002),
(2367, 51, 32.95, 2002),
(2368, 52, 52.66, 2002),
(2369, 53, 41.10, 2002),
(2370, 54, 50.50, 2002),
(2371, 55, 51.25, 2002),
(2372, 56, 72.95, 2002),
(2373, 57, 61.07, 2002),
(2374, 58, 63.39, 2002),
(2375, 59, 60.08, 2002),
(2376, 60, 95.40, 2002),
(2377, 61, 47.59, 2002),
(2378, 62, 46.02, 2002),
(2379, 63, 91.00, 2002),
(2380, 64, 54.01, 2002),
(2381, 65, 5.78, 2002),
(2382, 66, 57.88, 2002),
(2383, 67, 45.10, 2002),
(2384, 68, 34.38, 2002),
(2385, 69, 1.95, 2002),
(2386, 70, 33.06, 2002),
(2387, 71, 41.24, 2002),
(2388, 72, 14.20, 2002),
(2389, 73, 45.95, 2002),
(2390, 74, 51.90, 2002),
(2391, 75, 29.53, 2002),
(2392, 76, 20.11, 2002),
(2393, 77, 29.84, 2002),
(2394, 78, 32.78, 2002),
(2395, 79, 66.15, 2002),
(2396, 80, 41.76, 2002),
(2397, 81, 24.36, 2002),
(2398, 82, 17.19, 2002),
(2399, 83, 13.28, 2002),
(2400, 84, 29.70, 2002),
(2401, 85, 55.04, 2002),
(2402, 86, 17.41, 2002),
(2403, 87, 13.64, 2002),
(2404, 88, 20.83, 2002),
(2405, 89, 18.95, 2002),
(2406, 90, 17.08, 2002),
(2407, 91, 43.77, 2002),
(2408, 92, 27.66, 2002),
(2409, 93, 13.75, 2002),
(2410, 94, 46.08, 2002),
(2411, 95, 24.21, 2002),
(2412, 96, 15.51, 2002),
(2413, 97, 10.03, 2002),
(2414, 98, 16.87, 2002),
(2415, 99, 15.82, 2002),
(2416, 100, 14.97, 2002),
(2417, 101, -1.90, 2002),
(2418, 102, 17.92, 2002),
(2419, 103, 16.17, 2002),
(2420, 104, 16.84, 2002),
(2421, 105, 11.09, 2002),
(2422, 106, 12.46, 2002),
(2423, 107, 12.89, 2002),
(2424, 108, 10.95, 2002),
(2425, 109, 16.38, 2002),
(2426, 110, 9.16, 2002),
(2427, 111, 11.44, 2002),
(2428, 112, 9.64, 2002),
(2429, 113, 12.69, 2002),
(2430, 114, 22.83, 2002),
(2431, 115, 13.85, 2002),
(2432, 116, 14.20, 2002),
(2433, 117, 12.81, 2002),
(2434, 118, 10.63, 2002),
(2435, 119, 4.01, 2002),
(2436, 120, 22.12, 2002),
(2437, 121, 15.97, 2002),
(2438, 122, 1.52, 2002),
(2439, 123, 19.42, 2002),
(2440, 124, 4.77, 2002),
(2441, 125, 8.93, 2002),
(2442, 126, -0.56, 2002),
(2443, 127, 16.17, 2002),
(2444, 128, 8.80, 2002),
(2445, 129, 5.81, 2002),
(2446, 130, 6.25, 2002),
(2447, 131, 1.78, 2002),
(2448, 132, 7.02, 2002),
(2449, 133, 9.30, 2002),
(2450, 134, 3.24, 2002),
(2451, 135, 6.52, 2002),
(2452, 136, -3.84, 2002),
(2453, 137, 4.96, 2002),
(2454, 138, 1.40, 2002),
(2455, 139, 8.13, 2002),
(2456, 140, 6.90, 2002),
(2457, 141, 7.80, 2002),
(2458, 142, -5.39, 2002),
(2459, 143, 3.65, 2002),
(2460, 144, 19.98, 2002),
(2461, 145, 2.64, 2002),
(2462, 146, 3.85, 2002),
(2463, 147, 2.70, 2002),
(2464, 148, 1.92, 2002),
(2465, 149, 1.90, 2002),
(2466, 150, 3.34, 2002),
(2467, 151, 2.29, 2002),
(2468, 152, 1.80, 2002),
(2469, 153, 3.06, 2002),
(2470, 154, -2.36, 2002),
(2471, 155, 2.08, 2002),
(2472, 156, 2.91, 2002),
(2473, 157, 1.64, 2002),
(2474, 158, 0.61, 2002),
(2475, 159, 2.32, 2002),
(2476, 160, 1.69, 2002),
(2477, 161, 0.82, 2002),
(2478, 162, 1.14, 2002),
(2479, 163, 0.95, 2002),
(2480, 164, 0.63, 2002),
(2481, 165, 0.41, 2002),
(2482, 166, 0.35, 2002),
(2483, 167, 0.33, 2002),
(2484, 168, 0.17, 2002),
(2485, 169, 5.00, 2002),
(2486, 170, 0.40, 2002),
(2487, 171, 0.28, 2002),
(2488, 172, 0.25, 2002),
(2489, 173, 0.53, 2002),
(2490, 174, 0.07, 2002),
(2491, 175, 0.21, 2002),
(2492, 176, 0.20, 2002),
(2493, 177, 0.20, 2002),
(2494, 178, 0.22, 2002),
(2495, 179, 0.09, 2002),
(2496, 180, 0.10, 2002),
(2497, 181, 0.12, 2002),
(2498, 182, 0.10, 2002),
(2499, 183, 0.25, 2002),
(2500, 184, 0.13, 2002),
(2501, 185, 0.04, 2002),
(2502, 186, 0.04, 2002),
(2503, 187, 0.08, 2002),
(2504, 188, 0.01, 2002),
(2505, 189, 0.01, 2002),
(2506, 190, -6.20, 2002),
(2507, 191, 0.40, 2002),
(2508, 192, -1.70, 2002),
(2509, 193, 52.50, 2002),
(2510, 1, 4094.31, 2003),
(2511, 2, 5267.34, 2003),
(2512, 3, 1015.38, 2003),
(2513, 4, 862.50, 2003),
(2514, 5, 699.73, 2003),
(2515, 6, 1116.71, 2003),
(2516, 7, 1411.97, 2003),
(2517, 8, 349.51, 2003),
(2518, 9, 836.56, 2003),
(2519, 10, 369.63, 2003),
(2520, 11, 864.07, 2003),
(2521, 12, 403.79, 2003),
(2522, 13, 284.78, 2003),
(2523, 14, 337.71, 2003),
(2524, 15, 176.20, 2003),
(2525, 16, 359.54, 2003),
(2526, 17, 382.60, 2003),
(2527, 18, 555.91, 2003),
(2528, 19, 87.76, 2003),
(2529, 20, 239.11, 2003),
(2530, 21, 427.40, 2003),
(2531, 22, 241.86, 2003),
(2532, 23, 161.80, 2003),
(2533, 24, 310.99, 2003),
(2534, 25, 132.80, 2003),
(2535, 26, 112.73, 2003),
(2536, 27, 144.06, 2003),
(2537, 28, 224.69, 2003),
(2538, 29, 299.49, 2003),
(2539, 30, 103.76, 2003),
(2540, 31, 146.70, 2003),
(2541, 32, 81.57, 2003),
(2542, 33, 85.78, 2003),
(2543, 34, 137.02, 2003),
(2544, 35, 315.15, 2003),
(2545, 36, 74.83, 2003),
(2546, 37, 91.93, 2003),
(2547, 38, 177.80, 2003),
(2548, 39, 131.11, 2003),
(2549, 40, 110.23, 2003),
(2550, 41, 46.84, 2003),
(2551, 42, 222.53, 2003),
(2552, 43, 58.04, 2003),
(2553, 44, 21.04, 2003),
(2554, 45, 112.53, 2003),
(2555, 46, 65.77, 2003),
(2556, 47, 34.74, 2003),
(2557, 48, 116.57, 2003),
(2558, 49, 55.41, 2003),
(2559, 50, 31.58, 2003),
(2560, 51, 32.73, 2003),
(2561, 52, 53.14, 2003),
(2562, 53, 46.00, 2003),
(2563, 54, 50.83, 2003),
(2564, 55, 52.33, 2003),
(2565, 56, 74.49, 2003),
(2566, 57, 62.92, 2003),
(2567, 58, 68.49, 2003),
(2568, 59, 60.24, 2003),
(2569, 60, 99.02, 2003),
(2570, 61, 48.30, 2003),
(2571, 62, 49.49, 2003),
(2572, 63, 95.40, 2003),
(2573, 64, 62.38, 2003),
(2574, 65, 5.95, 2003),
(2575, 66, 60.44, 2003),
(2576, 67, 44.99, 2003),
(2577, 68, 34.81, 2003),
(2578, 69, 1.96, 2003),
(2579, 70, 32.78, 2003),
(2580, 71, 38.10, 2003),
(2581, 72, 17.61, 2003),
(2582, 73, 46.02, 2003),
(2583, 74, 52.01, 2003),
(2584, 75, 29.74, 2003),
(2585, 76, 20.27, 2003),
(2586, 77, 30.15, 2003),
(2587, 78, 31.26, 2003),
(2588, 79, 61.07, 2003),
(2589, 80, 43.01, 2003),
(2590, 81, 26.75, 2003),
(2591, 82, 17.89, 2003),
(2592, 83, 13.33, 2003),
(2593, 84, 29.96, 2003),
(2594, 85, 60.43, 2003),
(2595, 86, 17.49, 2003),
(2596, 87, 14.72, 2003),
(2597, 88, 20.65, 2003),
(2598, 89, 16.79, 2003),
(2599, 90, 17.12, 2003),
(2600, 91, 43.88, 2003),
(2601, 92, 28.16, 2003),
(2602, 93, 14.78, 2003),
(2603, 94, 47.33, 2003),
(2604, 95, 24.29, 2003),
(2605, 96, 18.33, 2003),
(2606, 97, 11.89, 2003),
(2607, 98, 17.31, 2003),
(2608, 99, 15.90, 2003),
(2609, 100, 15.28, 2003),
(2610, 101, -1.67, 2003),
(2611, 102, 17.93, 2003),
(2612, 103, 15.37, 2003),
(2613, 104, 17.42, 2003),
(2614, 105, 11.55, 2003),
(2615, 106, 12.54, 2003),
(2616, 107, 13.15, 2003),
(2617, 108, 10.86, 2003),
(2618, 109, 16.38, 2003),
(2619, 110, 9.15, 2003),
(2620, 111, 12.08, 2003),
(2621, 112, 9.76, 2003),
(2622, 113, 12.83, 2003),
(2623, 114, 22.01, 2003),
(2624, 115, 13.88, 2003),
(2625, 116, 14.18, 2003),
(2626, 117, 15.58, 2003),
(2627, 118, 10.71, 2003),
(2628, 119, 3.90, 2003),
(2629, 120, 22.55, 2003),
(2630, 121, 17.86, 2003),
(2631, 122, 1.78, 2003),
(2632, 123, 20.77, 2003),
(2633, 124, 4.89, 2003),
(2634, 125, 9.42, 2003),
(2635, 126, -0.36, 2003),
(2636, 127, 18.80, 2003),
(2637, 128, 8.83, 2003),
(2638, 129, 6.80, 2003),
(2639, 130, 6.83, 2003),
(2640, 131, 1.82, 2003),
(2641, 132, 7.59, 2003),
(2642, 133, 9.73, 2003),
(2643, 134, 3.62, 2003),
(2644, 135, 6.79, 2003),
(2645, 136, -3.58, 2003),
(2646, 137, 5.57, 2003),
(2647, 138, 1.40, 2003),
(2648, 139, 8.83, 2003),
(2649, 140, 7.57, 2003),
(2650, 141, 8.14, 2003),
(2651, 142, -5.44, 2003),
(2652, 143, 3.65, 2003),
(2653, 144, 24.31, 2003),
(2654, 145, 3.01, 2003),
(2655, 146, 3.90, 2003),
(2656, 147, 2.83, 2003),
(2657, 148, 1.98, 2003),
(2658, 149, 1.88, 2003),
(2659, 150, 3.29, 2003),
(2660, 151, 2.78, 2003),
(2661, 152, 1.83, 2003),
(2662, 153, 2.95, 2003),
(2663, 154, -2.23, 2003),
(2664, 155, 2.13, 2003),
(2665, 156, 2.89, 2003),
(2666, 157, 1.68, 2003),
(2667, 158, 0.53, 2003),
(2668, 159, 2.61, 2003),
(2669, 160, 1.73, 2003),
(2670, 161, 0.82, 2003),
(2671, 162, 1.15, 2003),
(2672, 163, 0.87, 2003),
(2673, 164, 0.63, 2003),
(2674, 165, 0.43, 2003),
(2675, 166, 0.34, 2003),
(2676, 167, 0.36, 2003),
(2677, 168, 0.20, 2003),
(2678, 169, 5.28, 2003),
(2679, 170, 0.42, 2003),
(2680, 171, 0.28, 2003),
(2681, 172, 0.28, 2003),
(2682, 173, 0.53, 2003),
(2683, 174, 0.08, 2003),
(2684, 175, 0.22, 2003),
(2685, 176, 0.21, 2003),
(2686, 177, 0.20, 2003),
(2687, 178, 0.22, 2003),
(2688, 179, 0.08, 2003),
(2689, 180, 0.12, 2003),
(2690, 181, 0.11, 2003),
(2691, 182, 0.11, 2003),
(2692, 183, 0.26, 2003),
(2693, 184, 0.14, 2003),
(2694, 185, 0.04, 2003),
(2695, 186, 0.05, 2003),
(2696, 187, 0.07, 2003),
(2697, 188, 0.01, 2003),
(2698, 189, 0.01, 2003),
(2699, 190, -6.23, 2003),
(2700, 191, 0.40, 2003),
(2701, 192, -1.54, 2003),
(2702, 193, 52.22, 2003),
(2703, 1, 4783.13, 2004),
(2704, 2, 5346.62, 2004),
(2705, 3, 1089.27, 2004),
(2706, 4, 853.63, 2004),
(2707, 5, 966.14, 2004),
(2708, 6, 1110.04, 2004),
(2709, 7, 1429.75, 2004),
(2710, 8, 377.94, 2004),
(2711, 9, 820.69, 2004),
(2712, 10, 369.56, 2004),
(2713, 11, 849.30, 2004),
(2714, 12, 425.79, 2004),
(2715, 13, 299.85, 2004),
(2716, 14, 347.12, 2004),
(2717, 15, 181.64, 2004),
(2718, 16, 386.45, 2004),
(2719, 17, 395.84, 2004),
(2720, 18, 555.91, 2004),
(2721, 19, 102.42, 2004),
(2722, 20, 259.56, 2004),
(2723, 21, 437.60, 2004),
(2724, 22, 245.85, 2004),
(2725, 23, 180.92, 2004),
(2726, 24, 312.03, 2004),
(2727, 25, 144.28, 2004),
(2728, 26, 125.38, 2004),
(2729, 27, 155.95, 2004),
(2730, 28, 238.42, 2004),
(2731, 29, 316.40, 2004),
(2732, 30, 109.95, 2004),
(2733, 31, 144.51, 2004),
(2734, 32, 88.46, 2004),
(2735, 33, 87.08, 2004),
(2736, 34, 136.95, 2004),
(2737, 35, 291.86, 2004),
(2738, 36, 76.22, 2004),
(2739, 37, 96.08, 2004),
(2740, 38, 179.50, 2004),
(2741, 39, 132.98, 2004),
(2742, 40, 113.17, 2004),
(2743, 41, 48.53, 2004),
(2744, 42, 226.43, 2004),
(2745, 43, 61.85, 2004),
(2746, 44, 20.61, 2004),
(2747, 45, 110.38, 2004),
(2748, 46, 66.27, 2004),
(2749, 47, 37.07, 2004),
(2750, 48, 116.98, 2004),
(2751, 49, 56.82, 2004),
(2752, 50, 31.14, 2004),
(2753, 51, 37.39, 2004),
(2754, 52, 54.73, 2004),
(2755, 53, 49.02, 2004),
(2756, 54, 50.84, 2004),
(2757, 55, 53.03, 2004),
(2758, 56, 76.07, 2004),
(2759, 57, 63.15, 2004),
(2760, 58, 69.82, 2004),
(2761, 59, 60.28, 2004),
(2762, 60, 98.64, 2004),
(2763, 61, 51.39, 2004),
(2764, 62, 49.00, 2004),
(2765, 63, 92.60, 2004),
(2766, 64, 58.65, 2004),
(2767, 65, 5.95, 2004),
(2768, 66, 58.55, 2004),
(2769, 67, 45.08, 2004),
(2770, 68, 35.14, 2004),
(2771, 69, 1.98, 2004),
(2772, 70, 33.08, 2004),
(2773, 71, 39.56, 2004),
(2774, 72, 21.91, 2004),
(2775, 73, 45.95, 2004),
(2776, 74, 52.57, 2004),
(2777, 75, 30.63, 2004),
(2778, 76, 20.29, 2004),
(2779, 77, 30.79, 2004),
(2780, 78, 31.42, 2004),
(2781, 79, 62.67, 2004),
(2782, 80, 43.44, 2004),
(2783, 81, 26.49, 2004),
(2784, 82, 17.78, 2004),
(2785, 83, 13.39, 2004),
(2786, 84, 29.06, 2004),
(2787, 85, 54.92, 2004),
(2788, 86, 17.51, 2004),
(2789, 87, 19.49, 2004),
(2790, 88, 21.70, 2004),
(2791, 89, 15.34, 2004),
(2792, 90, 17.12, 2004),
(2793, 91, 45.83, 2004),
(2794, 92, 28.13, 2004),
(2795, 93, 15.24, 2004),
(2796, 94, 45.88, 2004),
(2797, 95, 24.50, 2004),
(2798, 96, 18.52, 2004),
(2799, 97, 11.32, 2004),
(2800, 98, 18.58, 2004),
(2801, 99, 15.96, 2004),
(2802, 100, 15.99, 2004),
(2803, 101, -1.88, 2004),
(2804, 102, 17.93, 2004),
(2805, 103, 15.11, 2004),
(2806, 104, 17.89, 2004),
(2807, 105, 11.84, 2004),
(2808, 106, 12.59, 2004),
(2809, 107, 13.36, 2004),
(2810, 108, 11.76, 2004),
(2811, 109, 17.02, 2004),
(2812, 110, 9.57, 2004),
(2813, 111, 12.91, 2004),
(2814, 112, 9.84, 2004),
(2815, 113, 12.94, 2004),
(2816, 114, 22.83, 2004),
(2817, 115, 13.97, 2004),
(2818, 116, 14.18, 2004),
(2819, 117, 16.23, 2004),
(2820, 118, 10.90, 2004),
(2821, 119, 4.18, 2004),
(2822, 120, 22.64, 2004),
(2823, 121, 18.03, 2004),
(2824, 122, 1.41, 2004),
(2825, 123, 20.25, 2004),
(2826, 124, 5.22, 2004),
(2827, 125, 9.09, 2004),
(2828, 126, -0.14, 2004),
(2829, 127, 19.73, 2004),
(2830, 128, 8.84, 2004),
(2831, 129, 6.29, 2004),
(2832, 130, 6.83, 2004),
(2833, 131, 2.25, 2004),
(2834, 132, 7.76, 2004),
(2835, 133, 11.15, 2004),
(2836, 134, 3.89, 2004),
(2837, 135, 9.54, 2004),
(2838, 136, -3.49, 2004),
(2839, 137, 5.55, 2004),
(2840, 138, 1.48, 2004),
(2841, 139, 8.54, 2004),
(2842, 140, 7.52, 2004),
(2843, 141, 8.12, 2004),
(2844, 142, -4.46, 2004),
(2845, 143, 3.61, 2004),
(2846, 144, 23.64, 2004),
(2847, 145, 3.20, 2004),
(2848, 146, 3.88, 2004),
(2849, 147, 2.85, 2004),
(2850, 148, 2.01, 2004),
(2851, 149, 1.74, 2004),
(2852, 150, 3.27, 2004),
(2853, 151, 2.72, 2004),
(2854, 152, 1.87, 2004),
(2855, 153, 2.92, 2004),
(2856, 154, -2.08, 2004),
(2857, 155, 2.10, 2004),
(2858, 156, 2.98, 2004),
(2859, 157, 1.69, 2004),
(2860, 158, 0.69, 2004),
(2861, 159, 2.60, 2004),
(2862, 160, 1.76, 2004),
(2863, 161, 0.84, 2004),
(2864, 162, 1.16, 2004),
(2865, 163, 0.86, 2004),
(2866, 164, 0.65, 2004),
(2867, 165, 0.45, 2004),
(2868, 166, 0.38, 2004),
(2869, 167, 0.37, 2004),
(2870, 168, 0.21, 2004),
(2871, 169, 5.42, 2004),
(2872, 170, 0.40, 2004),
(2873, 171, 0.28, 2004),
(2874, 172, 0.30, 2004),
(2875, 173, 0.56, 2004),
(2876, 174, 0.08, 2004),
(2877, 175, 0.22, 2004),
(2878, 176, 0.23, 2004),
(2879, 177, 0.22, 2004),
(2880, 178, 0.22, 2004),
(2881, 179, 0.06, 2004),
(2882, 180, 0.12, 2004),
(2883, 181, 0.12, 2004),
(2884, 182, 0.14, 2004),
(2885, 183, 0.26, 2004),
(2886, 184, 0.12, 2004),
(2887, 185, 0.05, 2004),
(2888, 186, 0.05, 2004),
(2889, 187, 0.06, 2004),
(2890, 188, 0.01, 2004),
(2891, 189, 0.01, 2004),
(2892, 190, -6.30, 2004),
(2893, 191, 0.40, 2004),
(2894, 192, -1.25, 2004),
(2895, 193, 51.76, 2004),
(2896, 1, 5494.55, 2005),
(2897, 2, 5361.77, 2005),
(2898, 3, 1140.06, 2005),
(2899, 4, 864.33, 2005),
(2900, 5, 762.39, 2005),
(2901, 6, 1118.17, 2005),
(2902, 7, 1432.89, 2005),
(2903, 8, 411.43, 2005),
(2904, 9, 802.01, 2005),
(2905, 10, 369.83, 2005),
(2906, 11, 861.12, 2005),
(2907, 12, 420.88, 2005),
(2908, 13, 315.25, 2005),
(2909, 14, 365.20, 2005),
(2910, 15, 192.04, 2005),
(2911, 16, 384.16, 2005),
(2912, 17, 398.50, 2005),
(2913, 18, 553.74, 2005),
(2914, 19, 109.67, 2005),
(2915, 20, 272.44, 2005),
(2916, 21, 439.03, 2005),
(2917, 22, 245.34, 2005),
(2918, 23, 188.25, 2005),
(2919, 24, 314.90, 2005),
(2920, 25, 162.00, 2005),
(2921, 26, 128.67, 2005),
(2922, 27, 167.10, 2005),
(2923, 28, 243.03, 2005),
(2924, 29, 331.34, 2005),
(2925, 30, 116.40, 2005),
(2926, 31, 144.68, 2005),
(2927, 32, 85.45, 2005),
(2928, 33, 91.78, 2005),
(2929, 34, 138.54, 2005),
(2930, 35, 280.09, 2005),
(2931, 36, 77.87, 2005),
(2932, 37, 96.13, 2005),
(2933, 38, 175.41, 2005),
(2934, 39, 130.81, 2005),
(2935, 40, 107.50, 2005),
(2936, 41, 50.73, 2005),
(2937, 42, 234.19, 2005),
(2938, 43, 69.84, 2005),
(2939, 44, 21.40, 2005),
(2940, 45, 107.99, 2005),
(2941, 46, 66.77, 2005),
(2942, 47, 38.53, 2005),
(2943, 48, 115.09, 2005),
(2944, 49, 57.50, 2005),
(2945, 50, 30.92, 2005),
(2946, 51, 39.20, 2005),
(2947, 52, 56.77, 2005),
(2948, 53, 50.27, 2005),
(2949, 54, 50.64, 2005),
(2950, 55, 51.20, 2005),
(2951, 56, 79.43, 2005),
(2952, 57, 61.01, 2005),
(2953, 58, 70.27, 2005),
(2954, 59, 60.00, 2005),
(2955, 60, 100.74, 2005),
(2956, 61, 52.07, 2005),
(2957, 62, 53.57, 2005),
(2958, 63, 91.97, 2005),
(2959, 64, 46.50, 2005),
(2960, 65, 6.23, 2005),
(2961, 66, 58.12, 2005),
(2962, 67, 45.39, 2005),
(2963, 68, 34.90, 2005),
(2964, 69, 1.99, 2005),
(2965, 70, 34.59, 2005),
(2966, 71, 36.85, 2005),
(2967, 72, 15.09, 2005),
(2968, 73, 45.85, 2005),
(2969, 74, 54.54, 2005),
(2970, 75, 32.31, 2005),
(2971, 76, 20.46, 2005),
(2972, 77, 30.30, 2005),
(2973, 78, 31.83, 2005),
(2974, 79, 66.02, 2005),
(2975, 80, 44.01, 2005),
(2976, 81, 28.22, 2005),
(2977, 82, 20.55, 2005),
(2978, 83, 13.43, 2005),
(2979, 84, 30.15, 2005),
(2980, 85, 51.39, 2005),
(2981, 86, 17.52, 2005),
(2982, 87, 20.49, 2005),
(2983, 88, 22.22, 2005),
(2984, 89, 16.75, 2005),
(2985, 90, 17.15, 2005),
(2986, 91, 56.69, 2005),
(2987, 92, 27.94, 2005),
(2988, 93, 16.35, 2005),
(2989, 94, 42.57, 2005),
(2990, 95, 25.27, 2005),
(2991, 96, 17.55, 2005),
(2992, 97, 12.72, 2005),
(2993, 98, 19.87, 2005),
(2994, 99, 16.35, 2005),
(2995, 100, 16.64, 2005),
(2996, 101, -1.51, 2005),
(2997, 102, 17.93, 2005),
(2998, 103, 16.06, 2005),
(2999, 104, 17.29, 2005),
(3000, 105, 12.68, 2005),
(3001, 106, 12.66, 2005),
(3002, 107, 13.61, 2005),
(3003, 108, 12.04, 2005),
(3004, 109, 17.92, 2005),
(3005, 110, 9.37, 2005),
(3006, 111, 12.33, 2005),
(3007, 112, 11.35, 2005),
(3008, 113, 13.09, 2005),
(3009, 114, 23.88, 2005),
(3010, 115, 14.08, 2005),
(3011, 116, 14.17, 2005),
(3012, 117, 17.71, 2005),
(3013, 118, 10.86, 2005),
(3014, 119, 4.40, 2005),
(3015, 120, 22.71, 2005),
(3016, 121, 17.97, 2005),
(3017, 122, 2.08, 2005),
(3018, 123, 20.62, 2005),
(3019, 124, 5.51, 2005),
(3020, 125, 9.06, 2005),
(3021, 126, 0.73, 2005),
(3022, 127, 21.24, 2005),
(3023, 128, 8.80, 2005),
(3024, 129, 6.18, 2005),
(3025, 130, 7.23, 2005),
(3026, 131, 2.12, 2005),
(3027, 132, 7.92, 2005),
(3028, 133, 11.40, 2005),
(3029, 134, 4.58, 2005),
(3030, 135, 9.63, 2005),
(3031, 136, -3.38, 2005),
(3032, 137, 5.30, 2005),
(3033, 138, 1.65, 2005),
(3034, 139, 8.88, 2005),
(3035, 140, 7.64, 2005),
(3036, 141, 8.11, 2005),
(3037, 142, -4.51, 2005),
(3038, 143, 3.64, 2005),
(3039, 144, 24.36, 2005),
(3040, 145, 2.97, 2005),
(3041, 146, 3.79, 2005),
(3042, 147, 3.05, 2005),
(3043, 148, 1.97, 2005),
(3044, 149, 1.77, 2005),
(3045, 150, 3.28, 2005),
(3046, 151, 2.69, 2005),
(3047, 152, 1.90, 2005),
(3048, 153, 2.98, 2005),
(3049, 154, -2.12, 2005),
(3050, 155, 1.96, 2005),
(3051, 156, 2.93, 2005),
(3052, 157, 1.70, 2005),
(3053, 158, 0.63, 2005),
(3054, 159, 2.63, 2005),
(3055, 160, 1.80, 2005),
(3056, 161, 0.86, 2005),
(3057, 162, 1.05, 2005),
(3058, 163, 0.85, 2005),
(3059, 164, 0.64, 2005),
(3060, 165, 0.49, 2005),
(3061, 166, 0.38, 2005),
(3062, 167, 0.39, 2005),
(3063, 168, 0.21, 2005),
(3064, 169, 5.75, 2005),
(3065, 170, 0.43, 2005),
(3066, 171, 0.29, 2005),
(3067, 172, 0.29, 2005),
(3068, 173, 0.58, 2005),
(3069, 174, 0.09, 2005),
(3070, 175, 0.23, 2005),
(3071, 176, 0.23, 2005),
(3072, 177, 0.20, 2005),
(3073, 178, 0.23, 2005),
(3074, 179, 0.06, 2005),
(3075, 180, 0.12, 2005),
(3076, 181, 0.12, 2005),
(3077, 182, 0.15, 2005),
(3078, 183, 0.26, 2005),
(3079, 184, 0.09, 2005),
(3080, 185, 0.05, 2005),
(3081, 186, 0.06, 2005),
(3082, 187, 0.06, 2005),
(3083, 188, 0.01, 2005),
(3084, 189, 0.01, 2005),
(3085, 190, -6.21, 2005),
(3086, 191, 0.40, 2005),
(3087, 192, -1.50, 2005),
(3088, 193, 52.16, 2005),
(3089, 1, 6107.39, 2006),
(3090, 2, 5261.31, 2006),
(3091, 3, 1218.80, 2006),
(3092, 4, 907.26, 2006),
(3093, 5, 1087.95, 2006),
(3094, 6, 1095.69, 2006),
(3095, 7, 1436.84, 2006),
(3096, 8, 444.98, 2006),
(3097, 9, 814.04, 2006),
(3098, 10, 369.90, 2006),
(3099, 11, 852.63, 2006),
(3100, 12, 427.73, 2006),
(3101, 13, 335.39, 2006),
(3102, 14, 381.29, 2006),
(3103, 15, 218.12, 2006),
(3104, 16, 386.25, 2006),
(3105, 17, 403.80, 2006),
(3106, 18, 554.89, 2006),
(3107, 19, 111.72, 2006),
(3108, 20, 270.72, 2006),
(3109, 21, 431.85, 2006),
(3110, 22, 258.08, 2006),
(3111, 23, 190.86, 2006),
(3112, 24, 305.82, 2006),
(3113, 25, 170.53, 2006),
(3114, 26, 139.37, 2006),
(3115, 27, 183.19, 2006),
(3116, 28, 251.96, 2006),
(3117, 29, 322.61, 2006),
(3118, 30, 121.50, 2006),
(3119, 31, 135.00, 2006),
(3120, 32, 83.29, 2006),
(3121, 33, 97.40, 2006),
(3122, 34, 136.89, 2006),
(3123, 35, 288.64, 2006),
(3124, 36, 70.86, 2006),
(3125, 37, 95.68, 2006),
(3126, 38, 171.12, 2006),
(3127, 39, 131.86, 2006),
(3128, 40, 115.66, 2006),
(3129, 41, 53.95, 2006),
(3130, 42, 234.34, 2006),
(3131, 43, 72.36, 2006),
(3132, 44, 20.73, 2006),
(3133, 45, 105.11, 2006),
(3134, 46, 67.61, 2006),
(3135, 47, 43.94, 2006),
(3136, 48, 115.75, 2006),
(3137, 49, 58.00, 2006),
(3138, 50, 39.08, 2006),
(3139, 51, 40.21, 2006),
(3140, 52, 58.68, 2006),
(3141, 53, 51.59, 2006),
(3142, 54, 50.79, 2006),
(3143, 55, 51.88, 2006),
(3144, 56, 80.69, 2006),
(3145, 57, 64.32, 2006),
(3146, 58, 68.13, 2006),
(3147, 59, 60.26, 2006),
(3148, 60, 99.50, 2006),
(3149, 61, 54.34, 2006),
(3150, 62, 53.46, 2006),
(3151, 63, 96.52, 2006),
(3152, 64, 58.10, 2006),
(3153, 65, 6.54, 2006),
(3154, 66, 57.66, 2006),
(3155, 67, 45.12, 2006),
(3156, 68, 35.28, 2006),
(3157, 69, 2.00, 2006),
(3158, 70, 35.98, 2006),
(3159, 71, 37.12, 2006),
(3160, 72, 17.42, 2006),
(3161, 73, 45.93, 2006),
(3162, 74, 55.16, 2006),
(3163, 75, 34.71, 2006),
(3164, 76, 20.33, 2006),
(3165, 77, 30.08, 2006),
(3166, 78, 31.65, 2006),
(3167, 79, 60.99, 2006),
(3168, 80, 43.64, 2006),
(3169, 81, 28.67, 2006),
(3170, 82, 22.34, 2006),
(3171, 83, 13.82, 2006),
(3172, 84, 29.50, 2006),
(3173, 85, 59.33, 2006),
(3174, 86, 17.69, 2006),
(3175, 87, 21.67, 2006),
(3176, 88, 23.15, 2006),
(3177, 89, 18.43, 2006),
(3178, 90, 17.18, 2006),
(3179, 91, 59.66, 2006),
(3180, 92, 28.15, 2006),
(3181, 93, 14.77, 2006),
(3182, 94, 41.29, 2006),
(3183, 95, 25.27, 2006),
(3184, 96, 18.41, 2006),
(3185, 97, 12.75, 2006),
(3186, 98, 20.17, 2006),
(3187, 99, 16.73, 2006),
(3188, 100, 18.32, 2006),
(3189, 101, -2.09, 2006),
(3190, 102, 17.93, 2006),
(3191, 103, 16.53, 2006),
(3192, 104, 16.24, 2006),
(3193, 105, 13.17, 2006),
(3194, 106, 12.73, 2006),
(3195, 107, 14.18, 2006),
(3196, 108, 11.94, 2006),
(3197, 109, 18.11, 2006),
(3198, 110, 9.22, 2006),
(3199, 111, 13.33, 2006),
(3200, 112, 11.72, 2006),
(3201, 113, 13.05, 2006),
(3202, 114, 24.93, 2006),
(3203, 115, 14.10, 2006),
(3204, 116, 14.19, 2006),
(3205, 117, 20.18, 2006),
(3206, 118, 10.95, 2006),
(3207, 119, 4.78, 2006),
(3208, 120, 22.64, 2006),
(3209, 121, 17.30, 2006),
(3210, 122, 2.41, 2006),
(3211, 123, 20.76, 2006),
(3212, 124, 5.35, 2006),
(3213, 125, 8.44, 2006),
(3214, 126, 1.18, 2006),
(3215, 127, 22.11, 2006),
(3216, 128, 8.81, 2006),
(3217, 129, 8.69, 2006),
(3218, 130, 7.03, 2006),
(3219, 131, 2.34, 2006),
(3220, 132, 8.32, 2006),
(3221, 133, 11.20, 2006),
(3222, 134, 4.61, 2006),
(3223, 135, 9.60, 2006),
(3224, 136, -2.86, 2006),
(3225, 137, 5.35, 2006),
(3226, 138, 1.89, 2006),
(3227, 139, 8.85, 2006),
(3228, 140, 7.74, 2006),
(3229, 141, 9.61, 2006),
(3230, 142, -3.59, 2006),
(3231, 143, 3.66, 2006),
(3232, 144, 25.33, 2006),
(3233, 145, 2.96, 2006),
(3234, 146, 3.94, 2006),
(3235, 147, 3.39, 2006),
(3236, 148, 1.97, 2006),
(3237, 149, 1.79, 2006),
(3238, 150, 3.32, 2006),
(3239, 151, 2.51, 2006),
(3240, 152, 1.92, 2006),
(3241, 153, 2.98, 2006),
(3242, 154, -1.94, 2006),
(3243, 155, 1.92, 2006),
(3244, 156, 2.98, 2006),
(3245, 157, 1.70, 2006),
(3246, 158, 0.77, 2006),
(3247, 159, 2.65, 2006),
(3248, 160, 1.81, 2006),
(3249, 161, 0.89, 2006),
(3250, 162, 0.99, 2006),
(3251, 163, 0.86, 2006),
(3252, 164, 0.65, 2006),
(3253, 165, 0.52, 2006),
(3254, 166, 0.39, 2006),
(3255, 167, 0.47, 2006),
(3256, 168, 0.23, 2006),
(3257, 169, 6.03, 2006),
(3258, 170, 0.44, 2006),
(3259, 171, 0.28, 2006),
(3260, 172, 0.31, 2006),
(3261, 173, 0.55, 2006),
(3262, 174, 0.09, 2006),
(3263, 175, 0.24, 2006),
(3264, 176, 0.23, 2006),
(3265, 177, 0.21, 2006),
(3266, 178, 0.23, 2006),
(3267, 179, 0.06, 2006),
(3268, 180, 0.13, 2006),
(3269, 181, 0.13, 2006),
(3270, 182, 0.15, 2006),
(3271, 183, 0.26, 2006),
(3272, 184, 0.09, 2006),
(3273, 185, 0.06, 2006),
(3274, 186, 0.06, 2006),
(3275, 187, 0.04, 2006),
(3276, 188, 0.01, 2006),
(3277, 189, 0.01, 2006),
(3278, 190, -6.21, 2006),
(3279, 191, 0.40, 2006),
(3280, 192, -1.37, 2006),
(3281, 193, 53.63, 2006),
(3282, 1, 6663.11, 2007),
(3283, 2, 5344.48, 2007),
(3284, 3, 1340.33, 2007),
(3285, 4, 910.35, 2007),
(3286, 5, 673.24, 2007),
(3287, 6, 1130.47, 2007),
(3288, 7, 1453.79, 2007),
(3289, 8, 475.19, 2007),
(3290, 9, 783.43, 2007),
(3291, 10, 370.09, 2007),
(3292, 11, 882.58, 2007),
(3293, 12, 443.57, 2007),
(3294, 13, 354.57, 2007),
(3295, 14, 390.18, 2007),
(3296, 15, 246.01, 2007),
(3297, 16, 403.68, 2007),
(3298, 17, 414.07, 2007),
(3299, 18, 543.32, 2007),
(3300, 19, 122.03, 2007),
(3301, 20, 291.70, 2007),
(3302, 21, 424.57, 2007),
(3303, 22, 257.36, 2007),
(3304, 23, 198.08, 2007),
(3305, 24, 297.13, 2007),
(3306, 25, 183.19, 2007),
(3307, 26, 152.88, 2007),
(3308, 27, 196.35, 2007),
(3309, 28, 259.86, 2007),
(3310, 29, 335.51, 2007),
(3311, 30, 131.78, 2007),
(3312, 31, 127.82, 2007),
(3313, 32, 76.95, 2007),
(3314, 33, 100.34, 2007),
(3315, 34, 138.90, 2007),
(3316, 35, 296.74, 2007),
(3317, 36, 74.62, 2007),
(3318, 37, 98.64, 2007),
(3319, 38, 171.88, 2007),
(3320, 39, 131.90, 2007),
(3321, 40, 110.95, 2007),
(3322, 41, 56.32, 2007),
(3323, 42, 229.20, 2007),
(3324, 43, 70.53, 2007),
(3325, 44, 20.70, 2007),
(3326, 45, 100.93, 2007),
(3327, 46, 68.80, 2007),
(3328, 47, 50.02, 2007),
(3329, 48, 117.63, 2007),
(3330, 49, 57.66, 2007),
(3331, 50, 42.18, 2007),
(3332, 51, 41.56, 2007),
(3333, 52, 59.19, 2007),
(3334, 53, 58.16, 2007),
(3335, 54, 51.16, 2007),
(3336, 55, 52.54, 2007),
(3337, 56, 67.39, 2007),
(3338, 57, 66.59, 2007),
(3339, 58, 65.27, 2007),
(3340, 59, 60.02, 2007),
(3341, 60, 103.11, 2007),
(3342, 61, 52.82, 2007),
(3343, 62, 49.85, 2007),
(3344, 63, 93.99, 2007),
(3345, 64, 56.22, 2007),
(3346, 65, 7.23, 2007),
(3347, 66, 56.05, 2007),
(3348, 67, 45.41, 2007),
(3349, 68, 35.83, 2007),
(3350, 69, 2.01, 2007),
(3351, 70, 36.61, 2007),
(3352, 71, 38.23, 2007),
(3353, 72, 15.87, 2007),
(3354, 73, 46.98, 2007),
(3355, 74, 54.46, 2007),
(3356, 75, 35.77, 2007),
(3357, 76, 20.12, 2007),
(3358, 77, 30.30, 2007),
(3359, 78, 31.61, 2007),
(3360, 79, 59.34, 2007),
(3361, 80, 41.70, 2007),
(3362, 81, 25.81, 2007),
(3363, 82, 22.85, 2007),
(3364, 83, 13.91, 2007),
(3365, 84, 28.82, 2007),
(3366, 85, 54.61, 2007),
(3367, 86, 17.86, 2007),
(3368, 87, 29.09, 2007),
(3369, 88, 24.05, 2007),
(3370, 89, 18.69, 2007),
(3371, 90, 17.18, 2007),
(3372, 91, 63.05, 2007),
(3373, 92, 28.30, 2007),
(3374, 93, 15.94, 2007),
(3375, 94, 39.68, 2007),
(3376, 95, 26.16, 2007),
(3377, 96, 18.97, 2007),
(3378, 97, 11.75, 2007),
(3379, 98, 21.09, 2007),
(3380, 99, 17.19, 2007),
(3381, 100, 19.30, 2007),
(3382, 101, -2.02, 2007),
(3383, 102, 17.98, 2007),
(3384, 103, 17.42, 2007),
(3385, 104, 15.07, 2007),
(3386, 105, 12.50, 2007),
(3387, 106, 12.80, 2007),
(3388, 107, 14.71, 2007),
(3389, 108, 12.57, 2007),
(3390, 109, 18.31, 2007),
(3391, 110, 9.49, 2007),
(3392, 111, 13.89, 2007),
(3393, 112, 11.72, 2007),
(3394, 113, 13.11, 2007),
(3395, 114, 25.04, 2007),
(3396, 115, 14.05, 2007),
(3397, 116, 14.19, 2007),
(3398, 117, 20.61, 2007),
(3399, 118, 11.12, 2007),
(3400, 119, 4.77, 2007),
(3401, 120, 22.73, 2007),
(3402, 121, 20.96, 2007),
(3403, 122, 2.97, 2007),
(3404, 123, 22.04, 2007),
(3405, 124, 5.23, 2007),
(3406, 125, 7.94, 2007),
(3407, 126, 2.11, 2007),
(3408, 127, 23.48, 2007),
(3409, 128, 8.87, 2007),
(3410, 129, 8.30, 2007),
(3411, 130, 7.20, 2007),
(3412, 131, 2.92, 2007),
(3413, 132, 8.71, 2007),
(3414, 133, 10.60, 2007),
(3415, 134, 5.33, 2007),
(3416, 135, 10.35, 2007),
(3417, 136, -2.49, 2007),
(3418, 137, 6.46, 2007),
(3419, 138, 2.07, 2007),
(3420, 139, 9.33, 2007),
(3421, 140, 8.04, 2007),
(3422, 141, 9.58, 2007),
(3423, 142, -4.07, 2007),
(3424, 143, 3.70, 2007),
(3425, 144, 28.97, 2007),
(3426, 145, 3.14, 2007),
(3427, 146, 3.85, 2007),
(3428, 147, 3.48, 2007),
(3429, 148, 2.04, 2007),
(3430, 149, 2.11, 2007),
(3431, 150, 3.32, 2007),
(3432, 151, 2.45, 2007),
(3433, 152, 1.96, 2007),
(3434, 153, 2.92, 2007),
(3435, 154, -2.03, 2007),
(3436, 155, 1.94, 2007),
(3437, 156, 3.04, 2007),
(3438, 157, 1.72, 2007),
(3439, 158, 0.81, 2007),
(3440, 159, 2.72, 2007),
(3441, 160, 1.84, 2007),
(3442, 161, 0.94, 2007),
(3443, 162, 0.98, 2007),
(3444, 163, 0.90, 2007),
(3445, 164, 0.65, 2007),
(3446, 165, 0.54, 2007),
(3447, 166, 0.41, 2007),
(3448, 167, 0.42, 2007),
(3449, 168, 0.17, 2007),
(3450, 169, 7.08, 2007),
(3451, 170, 0.47, 2007),
(3452, 171, 0.29, 2007),
(3453, 172, 0.32, 2007),
(3454, 173, 0.54, 2007),
(3455, 174, 0.09, 2007),
(3456, 175, 0.25, 2007),
(3457, 176, 0.25, 2007),
(3458, 177, 0.23, 2007),
(3459, 178, 0.22, 2007),
(3460, 179, 0.10, 2007),
(3461, 180, 0.12, 2007),
(3462, 181, 0.13, 2007),
(3463, 182, 0.17, 2007),
(3464, 183, 0.23, 2007),
(3465, 184, 0.11, 2007),
(3466, 185, 0.06, 2007),
(3467, 186, 0.06, 2007),
(3468, 187, 0.04, 2007),
(3469, 188, 0.01, 2007),
(3470, 189, 0.01, 2007),
(3471, 190, -6.21, 2007),
(3472, 191, 0.40, 2007),
(3473, 192, -1.44, 2007),
(3474, 193, 54.25, 2007),
(3475, 1, 6869.53, 2008),
(3476, 2, 5166.47, 2008),
(3477, 3, 1427.97, 2008),
(3478, 4, 907.53, 2008),
(3479, 5, 662.68, 2008),
(3480, 6, 1061.23, 2008),
(3481, 7, 1474.85, 2008),
(3482, 8, 484.86, 2008),
(3483, 9, 789.31, 2008),
(3484, 10, 370.17, 2008),
(3485, 11, 863.17, 2008),
(3486, 12, 454.80, 2008),
(3487, 13, 389.67, 2008),
(3488, 14, 392.60, 2008),
(3489, 15, 244.24, 2008),
(3490, 16, 433.63, 2008),
(3491, 17, 417.27, 2008),
(3492, 18, 527.85, 2008),
(3493, 19, 134.43, 2008),
(3494, 20, 301.91, 2008),
(3495, 21, 410.18, 2008),
(3496, 22, 252.29, 2008),
(3497, 23, 200.07, 2008),
(3498, 24, 292.28, 2008),
(3499, 25, 189.72, 2008),
(3500, 26, 147.80, 2008),
(3501, 27, 239.98, 2008),
(3502, 28, 264.29, 2008),
(3503, 29, 305.10, 2008),
(3504, 30, 155.99, 2008),
(3505, 31, 135.20, 2008),
(3506, 32, 88.46, 2008),
(3507, 33, 105.34, 2008),
(3508, 34, 139.10, 2008),
(3509, 35, 285.69, 2008),
(3510, 36, 76.58, 2008),
(3511, 37, 103.13, 2008),
(3512, 38, 172.52, 2008),
(3513, 39, 127.61, 2008),
(3514, 40, 117.23, 2008),
(3515, 41, 59.62, 2008),
(3516, 42, 237.99, 2008),
(3517, 43, 75.78, 2008),
(3518, 44, 18.65, 2008),
(3519, 45, 103.74, 2008),
(3520, 46, 69.63, 2008),
(3521, 47, 53.28, 2008),
(3522, 48, 111.91, 2008),
(3523, 49, 57.69, 2008),
(3524, 50, 41.23, 2008),
(3525, 51, 44.48, 2008),
(3526, 52, 60.24, 2008),
(3527, 53, 58.94, 2008),
(3528, 54, 51.17, 2008),
(3529, 55, 54.68, 2008),
(3530, 56, 74.59, 2008),
(3531, 57, 66.70, 2008),
(3532, 58, 64.76, 2008),
(3533, 59, 60.63, 2008),
(3534, 60, 99.20, 2008),
(3535, 61, 55.51, 2008),
(3536, 62, 53.76, 2008),
(3537, 63, 92.68, 2008),
(3538, 64, 47.84, 2008),
(3539, 65, 7.63, 2008),
(3540, 66, 55.21, 2008),
(3541, 67, 45.50, 2008),
(3542, 68, 36.38, 2008),
(3543, 69, 2.02, 2008),
(3544, 70, 36.55, 2008),
(3545, 71, 38.37, 2008),
(3546, 72, 14.24, 2008),
(3547, 73, 47.24, 2008),
(3548, 74, 53.74, 2008),
(3549, 75, 36.75, 2008),
(3550, 76, 20.33, 2008),
(3551, 77, 29.83, 2008),
(3552, 78, 32.43, 2008),
(3553, 79, 57.39, 2008),
(3554, 80, 43.12, 2008),
(3555, 81, 28.61, 2008),
(3556, 82, 24.60, 2008),
(3557, 83, 14.22, 2008),
(3558, 84, 28.73, 2008),
(3559, 85, 51.32, 2008),
(3560, 86, 18.15, 2008),
(3561, 87, 32.51, 2008),
(3562, 88, 24.64, 2008),
(3563, 89, 18.64, 2008),
(3564, 90, 17.22, 2008),
(3565, 91, 64.70, 2008),
(3566, 92, 28.10, 2008),
(3567, 93, 15.15, 2008),
(3568, 94, 38.75, 2008),
(3569, 95, 24.99, 2008),
(3570, 96, 19.90, 2008),
(3571, 97, 12.64, 2008),
(3572, 98, 20.01, 2008),
(3573, 99, 17.30, 2008),
(3574, 100, 21.17, 2008),
(3575, 101, -1.72, 2008),
(3576, 102, 17.97, 2008),
(3577, 103, 16.49, 2008),
(3578, 104, 18.69, 2008),
(3579, 105, 12.76, 2008),
(3580, 106, 12.83, 2008),
(3581, 107, 14.73, 2008),
(3582, 108, 12.81, 2008),
(3583, 109, 18.16, 2008),
(3584, 110, 9.48, 2008),
(3585, 111, 13.94, 2008),
(3586, 112, 11.53, 2008),
(3587, 113, 13.49, 2008),
(3588, 114, 25.58, 2008),
(3589, 115, 13.95, 2008),
(3590, 116, 14.13, 2008),
(3591, 117, 20.14, 2008),
(3592, 118, 11.18, 2008),
(3593, 119, 5.84, 2008),
(3594, 120, 22.78, 2008),
(3595, 121, 18.67, 2008),
(3596, 122, 4.50, 2008),
(3597, 123, 20.90, 2008),
(3598, 124, 5.27, 2008),
(3599, 125, 8.27, 2008),
(3600, 126, 1.32, 2008),
(3601, 127, 24.39, 2008),
(3602, 128, 8.97, 2008),
(3603, 129, 9.06, 2008),
(3604, 130, 7.21, 2008),
(3605, 131, 2.69, 2008),
(3606, 132, 7.99, 2008),
(3607, 133, 10.51, 2008),
(3608, 134, 5.81, 2008),
(3609, 135, 9.82, 2008),
(3610, 136, -2.87, 2008),
(3611, 137, 7.43, 2008),
(3612, 138, 2.08, 2008),
(3613, 139, 9.12, 2008),
(3614, 140, 8.23, 2008),
(3615, 141, 7.18, 2008),
(3616, 142, -2.17, 2008),
(3617, 143, 3.67, 2008),
(3618, 144, 26.41, 2008),
(3619, 145, 3.09, 2008),
(3620, 146, 3.87, 2008),
(3621, 147, 3.55, 2008),
(3622, 148, 2.09, 2008),
(3623, 149, 2.10, 2008),
(3624, 150, 3.32, 2008),
(3625, 151, 2.51, 2008),
(3626, 152, 2.01, 2008),
(3627, 153, 2.92, 2008),
(3628, 154, -1.43, 2008),
(3629, 155, 1.99, 2008),
(3630, 156, 2.84, 2008),
(3631, 157, 1.71, 2008),
(3632, 158, 0.87, 2008),
(3633, 159, 2.72, 2008),
(3634, 160, 2.13, 2008),
(3635, 161, 0.96, 2008),
(3636, 162, 0.91, 2008),
(3637, 163, 0.88, 2008),
(3638, 164, 0.67, 2008),
(3639, 165, 0.54, 2008),
(3640, 166, 0.42, 2008),
(3641, 167, 0.41, 2008),
(3642, 168, 0.17, 2008),
(3643, 169, 6.99, 2008),
(3644, 170, 0.48, 2008),
(3645, 171, 0.28, 2008),
(3646, 172, 0.33, 2008),
(3647, 173, 0.54, 2008),
(3648, 174, 0.10, 2008),
(3649, 175, 0.26, 2008),
(3650, 176, 0.23, 2008),
(3651, 177, 0.22, 2008),
(3652, 178, 0.21, 2008),
(3653, 179, 0.10, 2008),
(3654, 180, 0.13, 2008),
(3655, 181, 0.13, 2008),
(3656, 182, 0.16, 2008),
(3657, 183, 0.25, 2008),
(3658, 184, 0.09, 2008),
(3659, 185, 0.05, 2008),
(3660, 186, 0.07, 2008),
(3661, 187, 0.04, 2008),
(3662, 188, 0.01, 2008),
(3663, 189, 0.01, 2008),
(3664, 190, -6.19, 2008),
(3665, 191, 0.40, 2008),
(3666, 192, -1.75, 2008),
(3667, 193, 53.79, 2008),
(3668, 1, 7389.01, 2009),
(3669, 2, 4764.45, 2009),
(3670, 3, 1567.98, 2009),
(3671, 4, 798.74, 2009),
(3672, 5, 966.59, 2009),
(3673, 6, 1004.65, 2009),
(3674, 7, 1451.20, 2009),
(3675, 8, 504.94, 2009),
(3676, 9, 734.41, 2009),
(3677, 10, 370.11, 2009),
(3678, 11, 834.55, 2009),
(3679, 12, 466.52, 2009),
(3680, 13, 406.48, 2009),
(3681, 14, 381.45, 2009),
(3682, 15, 245.34, 2009),
(3683, 16, 410.87, 2009),
(3684, 17, 423.81, 2009),
(3685, 18, 479.06, 2009),
(3686, 19, 149.18, 2009),
(3687, 20, 294.37, 2009),
(3688, 21, 362.25, 2009),
(3689, 22, 241.20, 2009),
(3690, 23, 190.95, 2009),
(3691, 24, 277.95, 2009),
(3692, 25, 197.44, 2009),
(3693, 26, 152.40, 2009),
(3694, 27, 211.60, 2009),
(3695, 28, 253.62, 2009),
(3696, 29, 268.96, 2009),
(3697, 30, 156.97, 2009),
(3698, 31, 125.24, 2009),
(3699, 32, 94.58, 2009),
(3700, 33, 109.76, 2009),
(3701, 34, 142.07, 2009),
(3702, 35, 236.05, 2009),
(3703, 36, 77.85, 2009),
(3704, 37, 106.01, 2009),
(3705, 38, 167.85, 2009),
(3706, 39, 128.61, 2009),
(3707, 40, 104.91, 2009),
(3708, 41, 63.32, 2009),
(3709, 42, 239.47, 2009),
(3710, 43, 77.60, 2009),
(3711, 44, 18.51, 2009),
(3712, 45, 97.08, 2009),
(3713, 46, 70.46, 2009),
(3714, 47, 54.31, 2009),
(3715, 48, 106.44, 2009),
(3716, 49, 57.50, 2009),
(3717, 50, 43.52, 2009),
(3718, 51, 44.24, 2009),
(3719, 52, 63.05, 2009),
(3720, 53, 52.08, 2009),
(3721, 54, 51.42, 2009),
(3722, 55, 56.69, 2009),
(3723, 56, 71.79, 2009),
(3724, 57, 65.72, 2009),
(3725, 58, 58.45, 2009),
(3726, 59, 60.87, 2009),
(3727, 60, 93.53, 2009),
(3728, 61, 52.38, 2009),
(3729, 62, 56.83, 2009),
(3730, 63, 77.97, 2009),
(3731, 64, 45.47, 2009),
(3732, 65, 8.32, 2009),
(3733, 66, 50.03, 2009),
(3734, 67, 45.16, 2009),
(3735, 68, 36.48, 2009),
(3736, 69, 2.03, 2009),
(3737, 70, 37.24, 2009),
(3738, 71, 38.78, 2009),
(3739, 72, 11.28, 2009),
(3740, 73, 47.92, 2009),
(3741, 74, 48.39, 2009),
(3742, 75, 37.30, 2009),
(3743, 76, 20.61, 2009),
(3744, 77, 29.94, 2009),
(3745, 78, 31.99, 2009),
(3746, 79, 56.84, 2009),
(3747, 80, 41.83, 2009),
(3748, 81, 23.67, 2009),
(3749, 82, 24.71, 2009),
(3750, 83, 14.71, 2009),
(3751, 84, 25.54, 2009),
(3752, 85, 49.13, 2009),
(3753, 86, 18.18, 2009),
(3754, 87, 29.97, 2009),
(3755, 88, 24.66, 2009),
(3756, 89, 17.72, 2009),
(3757, 90, 17.47, 2009),
(3758, 91, 60.14, 2009),
(3759, 92, 27.99, 2009),
(3760, 93, 14.63, 2009),
(3761, 94, 35.66, 2009),
(3762, 95, 25.60, 2009),
(3763, 96, 19.95, 2009),
(3764, 97, 9.65, 2009),
(3765, 98, 20.66, 2009),
(3766, 99, 17.68, 2009),
(3767, 100, 21.00, 2009),
(3768, 101, -0.83, 2009),
(3769, 102, 17.97, 2009),
(3770, 103, 16.72, 2009),
(3771, 104, 21.91, 2009),
(3772, 105, 13.25, 2009),
(3773, 106, 12.95, 2009),
(3774, 107, 15.13, 2009),
(3775, 108, 13.04, 2009),
(3776, 109, 16.77, 2009),
(3777, 110, 9.51, 2009),
(3778, 111, 13.43, 2009),
(3779, 112, 12.93, 2009),
(3780, 113, 13.56, 2009),
(3781, 114, 27.59, 2009),
(3782, 115, 13.94, 2009),
(3783, 116, 14.12, 2009),
(3784, 117, 19.16, 2009),
(3785, 118, 11.24, 2009),
(3786, 119, 4.00, 2009),
(3787, 120, 22.68, 2009),
(3788, 121, 15.32, 2009),
(3789, 122, 6.68, 2009),
(3790, 123, 19.47, 2009),
(3791, 124, 5.26, 2009),
(3792, 125, 8.21, 2009),
(3793, 126, 2.11, 2009),
(3794, 127, 26.75, 2009),
(3795, 128, 8.99, 2009),
(3796, 129, 9.03, 2009),
(3797, 130, 6.69, 2009),
(3798, 131, 2.06, 2009),
(3799, 132, 7.76, 2009),
(3800, 133, 9.93, 2009),
(3801, 134, 4.63, 2009),
(3802, 135, 8.70, 2009),
(3803, 136, -3.60, 2009),
(3804, 137, 6.73, 2009),
(3805, 138, 2.51, 2009),
(3806, 139, 8.51, 2009),
(3807, 140, 8.01, 2009),
(3808, 141, 5.44, 2009),
(3809, 142, -2.26, 2009),
(3810, 143, 3.75, 2009),
(3811, 144, 19.27, 2009),
(3812, 145, 3.25, 2009),
(3813, 146, 3.86, 2009),
(3814, 147, 3.51, 2009),
(3815, 148, 2.31, 2009),
(3816, 149, 2.06, 2009),
(3817, 150, 3.32, 2009),
(3818, 151, 3.77, 2009),
(3819, 152, 2.10, 2009),
(3820, 153, 2.94, 2009),
(3821, 154, -2.38, 2009),
(3822, 155, 2.24, 2009),
(3823, 156, 2.78, 2009),
(3824, 157, 1.72, 2009),
(3825, 158, 0.92, 2009),
(3826, 159, 2.51, 2009),
(3827, 160, 2.03, 2009),
(3828, 161, 1.01, 2009),
(3829, 162, 0.93, 2009),
(3830, 163, 0.91, 2009),
(3831, 164, 0.70, 2009),
(3832, 165, 0.56, 2009),
(3833, 166, 0.45, 2009),
(3834, 167, 0.45, 2009),
(3835, 168, 0.20, 2009),
(3836, 169, 6.68, 2009),
(3837, 170, 0.45, 2009),
(3838, 171, 0.28, 2009),
(3839, 172, 0.32, 2009),
(3840, 173, 0.52, 2009),
(3841, 174, 0.10, 2009),
(3842, 175, 0.26, 2009),
(3843, 176, 0.29, 2009),
(3844, 177, 0.23, 2009),
(3845, 178, 0.20, 2009),
(3846, 179, 0.13, 2009),
(3847, 180, 0.14, 2009),
(3848, 181, 0.14, 2009),
(3849, 182, 0.18, 2009),
(3850, 183, 0.23, 2009),
(3851, 184, 0.12, 2009),
(3852, 185, 0.05, 2009),
(3853, 186, 0.06, 2009),
(3854, 187, 0.04, 2009),
(3855, 188, 0.01, 2009),
(3856, 189, 0.01, 2009),
(3857, 190, -6.21, 2009),
(3858, 191, 0.40, 2009),
(3859, 192, -1.85, 2009),
(3860, 193, 55.14, 2009),
(3861, 1, 8144.86, 2010),
(3862, 2, 5000.09, 2010),
(3863, 3, 1663.05, 2010),
(3864, 4, 870.38, 2010),
(3865, 5, 703.41, 2010),
(3866, 6, 1059.40, 2010),
(3867, 7, 1499.16, 2010),
(3868, 8, 505.55, 2010),
(3869, 9, 772.68, 2010),
(3870, 10, 370.26, 2010),
(3871, 11, 850.71, 2010),
(3872, 12, 515.10, 2010),
(3873, 13, 446.09, 2010),
(3874, 14, 395.88, 2010),
(3875, 15, 254.85, 2010),
(3876, 16, 432.06, 2010),
(3877, 17, 425.69, 2010),
(3878, 18, 495.71, 2010),
(3879, 19, 168.49, 2010),
(3880, 20, 306.96, 2010),
(3881, 21, 370.47, 2010),
(3882, 22, 257.67, 2010),
(3883, 23, 207.29, 2010),
(3884, 24, 282.01, 2010),
(3885, 25, 200.10, 2010),
(3886, 26, 147.44, 2010),
(3887, 27, 227.81, 2010),
(3888, 28, 264.29, 2010),
(3889, 29, 254.97, 2010),
(3890, 30, 162.74, 2010),
(3891, 31, 138.32, 2010),
(3892, 32, 108.97, 2010),
(3893, 33, 111.77, 2010),
(3894, 34, 143.00, 2010),
(3895, 35, 253.35, 2010),
(3896, 36, 83.75, 2010),
(3897, 37, 109.83, 2010),
(3898, 38, 178.46, 2010),
(3899, 39, 130.80, 2010),
(3900, 40, 114.61, 2010),
(3901, 41, 68.81, 2010),
(3902, 42, 251.00, 2010),
(3903, 43, 80.67, 2010),
(3904, 44, 20.42, 2010),
(3905, 45, 104.06, 2010),
(3906, 46, 71.59, 2010),
(3907, 47, 60.91, 2010),
(3908, 48, 107.36, 2010),
(3909, 49, 58.71, 2010),
(3910, 50, 47.01, 2010),
(3911, 51, 47.23, 2010),
(3912, 52, 65.81, 2010),
(3913, 53, 58.88, 2010),
(3914, 54, 51.61, 2010),
(3915, 55, 58.34, 2010),
(3916, 56, 69.29, 2010),
(3917, 57, 70.51, 2010),
(3918, 58, 63.99, 2010),
(3919, 59, 61.35, 2010),
(3920, 60, 86.37, 2010),
(3921, 61, 56.65, 2010),
(3922, 62, 60.02, 2010),
(3923, 63, 74.88, 2010),
(3924, 64, 53.95, 2010),
(3925, 65, 8.71, 2010),
(3926, 66, 50.08, 2010),
(3927, 67, 44.40, 2010),
(3928, 68, 36.43, 2010),
(3929, 69, 2.04, 2010),
(3930, 70, 37.92, 2010),
(3931, 71, 42.36, 2010),
(3932, 72, 11.51, 2010),
(3933, 73, 47.93, 2010),
(3934, 74, 48.13, 2010),
(3935, 75, 38.24, 2010),
(3936, 76, 20.79, 2010),
(3937, 77, 29.91, 2010),
(3938, 78, 32.32, 2010),
(3939, 79, 51.48, 2010),
(3940, 80, 43.37, 2010),
(3941, 81, 22.49, 2010),
(3942, 82, 25.96, 2010),
(3943, 83, 15.05, 2010),
(3944, 84, 27.06, 2010),
(3945, 85, 49.32, 2010),
(3946, 86, 18.75, 2010),
(3947, 87, 34.27, 2010),
(3948, 88, 27.00, 2010),
(3949, 89, 18.74, 2010),
(3950, 90, 17.90, 2010),
(3951, 91, 60.53, 2010),
(3952, 92, 28.11, 2010),
(3953, 93, 15.41, 2010),
(3954, 94, 41.14, 2010),
(3955, 95, 25.19, 2010),
(3956, 96, 22.25, 2010),
(3957, 97, 9.53, 2010),
(3958, 98, 20.20, 2010),
(3959, 99, 17.65, 2010),
(3960, 100, 21.26, 2010),
(3961, 101, -0.07, 2010),
(3962, 102, 17.98, 2010),
(3963, 103, 17.86, 2010),
(3964, 104, 20.87, 2010),
(3965, 105, 13.85, 2010),
(3966, 106, 13.33, 2010),
(3967, 107, 15.54, 2010),
(3968, 108, 13.40, 2010),
(3969, 109, 17.67, 2010),
(3970, 110, 9.63, 2010),
(3971, 111, 13.28, 2010),
(3972, 112, 13.42, 2010),
(3973, 113, 13.66, 2010),
(3974, 114, 28.59, 2010),
(3975, 115, 14.14, 2010),
(3976, 116, 14.13, 2010),
(3977, 117, 21.58, 2010),
(3978, 118, 11.26, 2010),
(3979, 119, 4.27, 2010),
(3980, 120, 22.87, 2010),
(3981, 121, 19.79, 2010),
(3982, 122, 8.70, 2010),
(3983, 123, 18.62, 2010),
(3984, 124, 5.56, 2010),
(3985, 125, 8.76, 2010),
(3986, 126, 1.81, 2010),
(3987, 127, 25.62, 2010),
(3988, 128, 8.94, 2010),
(3989, 129, 8.33, 2010),
(3990, 130, 7.35, 2010),
(3991, 131, 2.10, 2010),
(3992, 132, 7.62, 2010),
(3993, 133, 10.51, 2010),
(3994, 134, 4.46, 2010),
(3995, 135, 8.95, 2010),
(3996, 136, -2.40, 2010),
(3997, 137, 6.39, 2010),
(3998, 138, 2.78, 2010),
(3999, 139, 8.33, 2010),
(4000, 140, 7.63, 2010),
(4001, 141, 5.04, 2010),
(4002, 142, -3.64, 2010),
(4003, 143, 3.75, 2010),
(4004, 144, 21.11, 2010),
(4005, 145, 3.66, 2010),
(4006, 146, 3.91, 2010),
(4007, 147, 3.75, 2010),
(4008, 148, 2.59, 2010),
(4009, 149, 2.53, 2010),
(4010, 150, 3.45, 2010),
(4011, 151, 3.58, 2010),
(4012, 152, 2.16, 2010),
(4013, 153, 2.97, 2010),
(4014, 154, -1.54, 2010),
(4015, 155, 2.32, 2010),
(4016, 156, 2.63, 2010),
(4017, 157, 1.73, 2010),
(4018, 158, 0.96, 2010),
(4019, 159, 2.59, 2010),
(4020, 160, 1.88, 2010),
(4021, 161, 0.96, 2010),
(4022, 162, 0.96, 2010),
(4023, 163, 0.72, 2010),
(4024, 164, 0.71, 2010),
(4025, 165, 0.55, 2010),
(4026, 166, 0.44, 2010),
(4027, 167, 0.48, 2010),
(4028, 168, 0.23, 2010),
(4029, 169, 6.58, 2010),
(4030, 170, 0.52, 2010),
(4031, 171, 0.30, 2010),
(4032, 172, 0.39, 2010),
(4033, 173, 0.52, 2010),
(4034, 174, 0.11, 2010),
(4035, 175, 0.27, 2010),
(4036, 176, 0.23, 2010),
(4037, 177, 0.23, 2010),
(4038, 178, 0.21, 2010),
(4039, 179, 0.13, 2010),
(4040, 180, 0.12, 2010),
(4041, 181, 0.14, 2010),
(4042, 182, 0.16, 2010),
(4043, 183, 0.22, 2010),
(4044, 184, 0.08, 2010),
(4045, 185, 0.05, 2010),
(4046, 186, 0.07, 2010),
(4047, 187, 0.04, 2010),
(4048, 188, 0.01, 2010),
(4049, 189, 0.01, 2010),
(4050, 190, -6.12, 2010),
(4051, 191, 0.40, 2010),
(4052, 192, -1.51, 2010),
(4053, 193, 56.21, 2010),
(4054, 1, 8574.55, 2011),
(4055, 2, 4764.43, 2011),
(4056, 3, 1689.55, 2011),
(4057, 4, 1033.07, 2011),
(4058, 5, 1210.50, 2011),
(4059, 6, 1164.58, 2011),
(4060, 7, 680.38, 2011),
(4061, 8, 562.01, 2011),
(4062, 9, 735.22, 2011),
(4063, 10, 604.30, 2011),
(4064, 11, 696.37, 2011),
(4065, 12, 548.02, 2011),
(4066, 13, 463.72, 2011),
(4067, 14, 492.10, 2011),
(4068, 15, 258.97, 2011),
(4069, 16, 415.89, 2011),
(4070, 17, 365.32, 2011),
(4071, 18, 459.14, 2011),
(4072, 19, 132.17, 2011),
(4073, 20, 83.15, 2011),
(4074, 21, 361.93, 2011),
(4075, 22, 299.07, 2011),
(4076, 23, 238.89, 2011),
(4077, 24, 274.12, 2011),
(4078, 25, 206.64, 2011),
(4079, 26, 147.14, 2011),
(4080, 27, 235.11, 2011),
(4081, 28, 244.44, 2011),
(4082, 29, 267.58, 2011),
(4083, 30, 166.58, 2011),
(4084, 31, 143.98, 2011),
(4085, 32, 113.62, 2011),
(4086, 33, 120.16, 2011),
(4087, 34, 124.37, 2011),
(4088, 35, 278.09, 2011),
(4089, 36, 84.41, 2011),
(4090, 37, 137.25, 2011),
(4091, 38, 166.40, 2011),
(4092, 39, 111.71, 2011),
(4093, 40, 125.49, 2011),
(4094, 41, 72.87, 2011),
(4095, 42, 268.21, 2011),
(4096, 43, 83.25, 2011),
(4097, 44, 26.60, 2011),
(4098, 45, 94.31, 2011),
(4099, 46, 75.77, 2011),
(4100, 47, 68.52, 2011),
(4101, 48, 107.73, 2011),
(4102, 49, 60.32, 2011),
(4103, 50, 53.55, 2011),
(4104, 51, 54.48, 2011),
(4105, 52, 54.13, 2011),
(4106, 53, 64.53, 2011),
(4107, 54, 48.87, 2011),
(4108, 55, 59.41, 2011),
(4109, 56, 52.34, 2011),
(4110, 57, 69.78, 2011),
(4111, 58, 61.40, 2011),
(4112, 59, 73.39, 2011),
(4113, 60, 85.83, 2011),
(4114, 61, 62.20, 2011),
(4115, 62, 41.77, 2011),
(4116, 63, -201.10, 2011),
(4117, 64, 6.76, 2011),
(4118, 65, 70.29, 2011),
(4119, 66, 48.18, 2011),
(4120, 67, 44.92, 2011),
(4121, 68, 37.99, 2011),
(4122, 69, -17.47, 2011),
(4123, 70, 38.44, 2011),
(4124, 71, 44.72, 2011),
(4125, 72, 48.39, 2011),
(4126, 73, 39.98, 2011),
(4127, 74, 44.17, 2011),
(4128, 75, 37.14, 2011),
(4129, 76, 36.61, 2011),
(4130, 77, 37.14, 2011),
(4131, 78, 32.08, 2011),
(4132, 79, 49.02, 2011),
(4133, 80, 39.50, 2011),
(4134, 81, 24.42, 2011),
(4135, 82, 26.01, 2011),
(4136, 83, 11.71, 2011),
(4137, 84, 26.54, 2011),
(4138, 85, 42.36, 2011),
(4139, 86, 8.35, 2011),
(4140, 87, -4.27, 2011),
(4141, 88, 30.58, 2011),
(4142, 89, 19.74, 2011),
(4143, 90, 26.98, 2011),
(4144, 91, 56.98, 2011),
(4145, 92, 15.72, 2011),
(4146, 93, 15.94, 2011),
(4147, 94, 26.42, 2011),
(4148, 95, 19.49, 2011),
(4149, 96, 25.07, 2011),
(4150, 97, 14.89, 2011),
(4151, 98, 20.76, 2011),
(4152, 99, 18.07, 2011),
(4153, 100, 20.09, 2011),
(4154, 101, 7.66, 2011),
(4155, 102, 17.98, 2011),
(4156, 103, 14.88, 2011),
(4157, 104, 21.10, 2011),
(4158, 105, 13.89, 2011),
(4159, 106, 13.49, 2011),
(4160, 107, 15.36, 2011),
(4161, 108, 12.04, 2011),
(4162, 109, 10.82, 2011),
(4163, 110, 17.37, 2011),
(4164, 111, 15.37, 2011),
(4165, 112, 14.22, 2011),
(4166, 113, 13.86, 2011),
(4167, 114, 22.31, 2011),
(4168, 115, 14.26, 2011),
(4169, 116, 14.15, 2011),
(4170, 117, 22.35, 2011),
(4171, 118, 10.95, 2011),
(4172, 119, 13.08, 2011),
(4173, 120, 11.24, 2011),
(4174, 121, 14.97, 2011),
(4175, 122, 11.72, 2011),
(4176, 123, 17.53, 2011),
(4177, 124, 10.06, 2011),
(4178, 125, 12.03, 2011),
(4179, 126, 6.52, 2011),
(4180, 127, 23.12, 2011),
(4181, 128, 9.03, 2011),
(4182, 129, 7.59, 2011),
(4183, 130, 7.96, 2011),
(4184, 131, 2.16, 2011),
(4185, 132, 7.86, 2011),
(4186, 133, 10.67, 2011),
(4187, 134, 4.86, 2011),
(4188, 135, 8.62, 2011),
(4189, 136, 8.15, 2011),
(4190, 137, 6.95, 2011),
(4191, 138, 3.12, 2011),
(4192, 139, 9.16, 2011),
(4193, 140, 7.32, 2011),
(4194, 141, 7.74, 2011),
(4195, 142, 0.76, 2011),
(4196, 143, 6.01, 2011),
(4197, 144, 37.45, 2011),
(4198, 145, 4.29, 2011),
(4199, 146, 4.08, 2011),
(4200, 147, 3.64, 2011),
(4201, 148, 2.63, 2011),
(4202, 149, 3.35, 2011),
(4203, 150, -1.46, 2011),
(4204, 151, 3.46, 2011),
(4205, 152, 2.89, 2011),
(4206, 153, 2.11, 2011),
(4207, 154, 2.57, 2011),
(4208, 155, 2.18, 2011),
(4209, 156, 2.50, 2011),
(4210, 157, 1.73, 2011),
(4211, 158, 1.01, 2011),
(4212, 159, 2.57, 2011),
(4213, 160, 1.96, 2011),
(4214, 161, 0.97, 2011),
(4215, 162, 0.98, 2011),
(4216, 163, 0.68, 2011),
(4217, 164, 0.72, 2011),
(4218, 165, 0.55, 2011),
(4219, 166, 0.41, 2011),
(4220, 167, 0.50, 2011),
(4221, 168, 0.21, 2011),
(4222, 169, 0.10, 2011),
(4223, 170, 0.47, 2011),
(4224, 171, 0.30, 2011),
(4225, 172, 0.36, 2011),
(4226, 173, 0.49, 2011),
(4227, 174, 0.32, 2011),
(4228, 175, 0.26, 2011),
(4229, 176, 0.22, 2011),
(4230, 177, 0.24, 2011),
(4231, 178, 0.22, 2011),
(4232, 179, 0.14, 2011),
(4233, 180, 0.11, 2011),
(4234, 181, 0.14, 2011),
(4235, 182, 0.15, 2011),
(4236, 183, 0.18, 2011),
(4237, 184, 0.09, 2011),
(4238, 185, 0.05, 2011),
(4239, 186, 0.08, 2011),
(4240, 187, 0.04, 2011),
(4241, 188, 0.01, 2011),
(4242, 189, 0.00, 2011),
(4243, 190, -0.57, 2011),
(4244, 191, 0.40, 2011),
(4245, 192, -1.61, 2011),
(4246, 193, 40.19, 2011),
(4247, 1, 8832.55, 2012),
(4248, 2, 4546.75, 2012),
(4249, 3, 1842.33, 2012),
(4250, 4, 1010.47, 2012),
(4251, 5, 1228.49, 2012),
(4252, 6, 1205.08, 2012),
(4253, 7, 716.30, 2012),
(4254, 8, 569.98, 2012),
(4255, 9, 748.87, 2012),
(4256, 10, 604.03, 2012),
(4257, 11, 692.02, 2012),
(4258, 12, 549.86, 2012),
(4259, 13, 492.44, 2012),
(4260, 14, 500.11, 2012),
(4261, 15, 270.13, 2012),
(4262, 16, 433.41, 2012),
(4263, 17, 366.56, 2012),
(4264, 18, 481.19, 2012),
(4265, 19, 131.68, 2012),
(4266, 20, 82.76, 2012),
(4267, 21, 341.99, 2012),
(4268, 22, 291.82, 2012),
(4269, 23, 256.20, 2012),
(4270, 24, 277.40, 2012),
(4271, 25, 215.85, 2012),
(4272, 26, 149.27, 2012),
(4273, 27, 234.31, 2012),
(4274, 28, 245.75, 2012),
(4275, 29, 262.38, 2012),
(4276, 30, 174.69, 2012),
(4277, 31, 145.57, 2012),
(4278, 32, 129.76, 2012),
(4279, 33, 134.30, 2012),
(4280, 34, 125.07, 2012),
(4281, 35, 271.86, 2012),
(4282, 36, 87.97, 2012),
(4283, 37, 136.94, 2012),
(4284, 38, 165.00, 2012),
(4285, 39, 115.35, 2012),
(4286, 40, 109.99, 2012),
(4287, 41, 77.36, 2012),
(4288, 42, 288.57, 2012),
(4289, 43, 85.28, 2012),
(4290, 44, 23.56, 2012),
(4291, 45, 93.10, 2012),
(4292, 46, 76.74, 2012),
(4293, 47, 75.43, 2012),
(4294, 48, 103.85, 2012),
(4295, 49, 62.01, 2012),
(4296, 50, 60.42, 2012),
(4297, 51, 56.63, 2012),
(4298, 52, 54.11, 2012),
(4299, 53, 65.91, 2012),
(4300, 54, 49.22, 2012),
(4301, 55, 60.15, 2012),
(4302, 56, 51.17, 2012),
(4303, 57, 76.02, 2012),
(4304, 58, 58.23, 2012),
(4305, 59, 73.35, 2012),
(4306, 60, 81.37, 2012),
(4307, 61, 63.63, 2012),
(4308, 62, 59.03, 2012),
(4309, 63, -203.32, 2012),
(4310, 64, 1.11, 2012),
(4311, 65, 70.60, 2012),
(4312, 66, 44.70, 2012),
(4313, 67, 44.52, 2012),
(4314, 68, 38.95, 2012),
(4315, 69, -17.47, 2012),
(4316, 70, 39.87, 2012),
(4317, 71, 43.64, 2012),
(4318, 72, 42.95, 2012),
(4319, 73, 40.06, 2012),
(4320, 74, 44.68, 2012),
(4321, 75, 37.35, 2012),
(4322, 76, 37.59, 2012),
(4323, 77, 36.85, 2012),
(4324, 78, 34.00, 2012),
(4325, 79, 47.37, 2012),
(4326, 80, 40.82, 2012),
(4327, 81, 27.25, 2012),
(4328, 82, 27.17, 2012),
(4329, 83, 11.94, 2012),
(4330, 84, 24.77, 2012);
INSERT INTO `Emissions` (`id`, `country_id`, `emission`, `year`) VALUES
(4331, 85, 37.48, 2012),
(4332, 86, 8.80, 2012),
(4333, 87, -2.33, 2012),
(4334, 88, 32.96, 2012),
(4335, 89, 20.51, 2012),
(4336, 90, 27.74, 2012),
(4337, 91, 44.44, 2012),
(4338, 92, 15.64, 2012),
(4339, 93, 17.96, 2012),
(4340, 94, 24.02, 2012),
(4341, 95, 19.90, 2012),
(4342, 96, 24.79, 2012),
(4343, 97, 16.81, 2012),
(4344, 98, 24.12, 2012),
(4345, 99, 18.10, 2012),
(4346, 100, 18.31, 2012),
(4347, 101, 8.45, 2012),
(4348, 102, 17.98, 2012),
(4349, 103, 15.98, 2012),
(4350, 104, 23.39, 2012),
(4351, 105, 13.05, 2012),
(4352, 106, 13.33, 2012),
(4353, 107, 15.16, 2012),
(4354, 108, 11.93, 2012),
(4355, 109, 10.91, 2012),
(4356, 110, 17.53, 2012),
(4357, 111, 15.88, 2012),
(4358, 112, 14.69, 2012),
(4359, 113, 14.07, 2012),
(4360, 114, 21.32, 2012),
(4361, 115, 14.35, 2012),
(4362, 116, 14.15, 2012),
(4363, 117, 21.59, 2012),
(4364, 118, 10.75, 2012),
(4365, 119, 12.50, 2012),
(4366, 120, 11.79, 2012),
(4367, 121, 13.45, 2012),
(4368, 122, 9.96, 2012),
(4369, 123, 15.90, 2012),
(4370, 124, 10.55, 2012),
(4371, 125, 11.85, 2012),
(4372, 126, 7.19, 2012),
(4373, 127, 21.16, 2012),
(4374, 128, 9.03, 2012),
(4375, 129, 7.54, 2012),
(4376, 130, 7.75, 2012),
(4377, 131, 2.61, 2012),
(4378, 132, 7.85, 2012),
(4379, 133, 10.46, 2012),
(4380, 134, 5.64, 2012),
(4381, 135, 8.45, 2012),
(4382, 136, 7.83, 2012),
(4383, 137, 9.41, 2012),
(4384, 138, 3.11, 2012),
(4385, 139, 8.80, 2012),
(4386, 140, 6.78, 2012),
(4387, 141, 7.18, 2012),
(4388, 142, 1.67, 2012),
(4389, 143, 5.90, 2012),
(4390, 144, 32.84, 2012),
(4391, 145, 3.69, 2012),
(4392, 146, 4.20, 2012),
(4393, 147, 3.73, 2012),
(4394, 148, 3.12, 2012),
(4395, 149, 3.07, 2012),
(4396, 150, -1.46, 2012),
(4397, 151, 3.18, 2012),
(4398, 152, 2.92, 2012),
(4399, 153, 2.18, 2012),
(4400, 154, 2.37, 2012),
(4401, 155, 2.13, 2012),
(4402, 156, 2.47, 2012),
(4403, 157, 1.73, 2012),
(4404, 158, 1.14, 2012),
(4405, 159, 2.72, 2012),
(4406, 160, 1.83, 2012),
(4407, 161, 0.98, 2012),
(4408, 162, 1.01, 2012),
(4409, 163, 0.67, 2012),
(4410, 164, 0.76, 2012),
(4411, 165, 0.56, 2012),
(4412, 166, 0.42, 2012),
(4413, 167, 0.46, 2012),
(4414, 168, 0.22, 2012),
(4415, 169, 0.12, 2012),
(4416, 170, 0.49, 2012),
(4417, 171, 0.31, 2012),
(4418, 172, 0.36, 2012),
(4419, 173, 0.49, 2012),
(4420, 174, 0.33, 2012),
(4421, 175, 0.28, 2012),
(4422, 176, 0.24, 2012),
(4423, 177, 0.23, 2012),
(4424, 178, 0.23, 2012),
(4425, 179, 0.12, 2012),
(4426, 180, 0.11, 2012),
(4427, 181, 0.14, 2012),
(4428, 182, 0.16, 2012),
(4429, 183, 0.19, 2012),
(4430, 184, 0.10, 2012),
(4431, 185, 0.06, 2012),
(4432, 186, 0.08, 2012),
(4433, 187, 0.04, 2012),
(4434, 188, 0.01, 2012),
(4435, 189, 0.00, 2012),
(4436, 190, -0.48, 2012),
(4437, 191, 0.40, 2012),
(4438, 192, -1.64, 2012),
(4439, 193, 42.26, 2012),
(4440, 1, 9271.13, 2013),
(4441, 2, 4682.69, 2013),
(4442, 3, 1905.19, 2013),
(4443, 4, 967.43, 2013),
(4444, 5, 1181.12, 2013),
(4445, 6, 1218.07, 2013),
(4446, 7, 748.92, 2013),
(4447, 8, 595.70, 2013),
(4448, 9, 764.89, 2013),
(4449, 10, 605.23, 2013),
(4450, 11, 700.42, 2013),
(4451, 12, 549.14, 2013),
(4452, 13, 503.19, 2013),
(4453, 14, 489.40, 2013),
(4454, 15, 259.42, 2013),
(4455, 16, 443.58, 2013),
(4456, 17, 359.29, 2013),
(4457, 18, 468.18, 2013),
(4458, 19, 142.48, 2013),
(4459, 20, 102.34, 2013),
(4460, 21, 311.70, 2013),
(4461, 22, 286.77, 2013),
(4462, 23, 264.60, 2013),
(4463, 24, 277.63, 2013),
(4464, 25, 214.71, 2013),
(4465, 26, 151.42, 2013),
(4466, 27, 249.76, 2013),
(4467, 28, 251.04, 2013),
(4468, 29, 235.90, 2013),
(4469, 30, 183.89, 2013),
(4470, 31, 159.55, 2013),
(4471, 32, 139.89, 2013),
(4472, 33, 138.39, 2013),
(4473, 34, 134.30, 2013),
(4474, 35, 265.01, 2013),
(4475, 36, 97.31, 2013),
(4476, 37, 138.57, 2013),
(4477, 38, 163.76, 2013),
(4478, 39, 118.28, 2013),
(4479, 40, 108.74, 2013),
(4480, 41, 80.57, 2013),
(4481, 42, 288.26, 2013),
(4482, 43, 87.32, 2013),
(4483, 44, 23.50, 2013),
(4484, 45, 94.29, 2013),
(4485, 46, 77.90, 2013),
(4486, 47, 76.54, 2013),
(4487, 48, 99.44, 2013),
(4488, 49, 62.94, 2013),
(4489, 50, 62.92, 2013),
(4490, 51, 56.15, 2013),
(4491, 52, 56.73, 2013),
(4492, 53, 62.64, 2013),
(4493, 54, 49.73, 2013),
(4494, 55, 63.43, 2013),
(4495, 56, 40.22, 2013),
(4496, 57, 66.96, 2013),
(4497, 58, 58.88, 2013),
(4498, 59, 73.47, 2013),
(4499, 60, 73.77, 2013),
(4500, 61, 63.80, 2013),
(4501, 62, 60.27, 2013),
(4502, 63, -213.07, 2013),
(4503, 64, 1.87, 2013),
(4504, 65, 70.66, 2013),
(4505, 66, 42.04, 2013),
(4506, 67, 46.53, 2013),
(4507, 68, 40.56, 2013),
(4508, 69, -17.44, 2013),
(4509, 70, 41.13, 2013),
(4510, 71, 43.86, 2013),
(4511, 72, 43.63, 2013),
(4512, 73, 40.73, 2013),
(4513, 74, 43.35, 2013),
(4514, 75, 37.40, 2013),
(4515, 76, 37.79, 2013),
(4516, 77, 37.11, 2013),
(4517, 78, 34.66, 2013),
(4518, 79, 45.70, 2013),
(4519, 80, 41.84, 2013),
(4520, 81, 28.07, 2013),
(4521, 82, 28.85, 2013),
(4522, 83, 12.83, 2013),
(4523, 84, 25.35, 2013),
(4524, 85, 39.22, 2013),
(4525, 86, 8.80, 2013),
(4526, 87, 2.25, 2013),
(4527, 88, 32.46, 2013),
(4528, 89, 20.11, 2013),
(4529, 90, 27.85, 2013),
(4530, 91, 30.07, 2013),
(4531, 92, 15.43, 2013),
(4532, 93, 14.96, 2013),
(4533, 94, 22.42, 2013),
(4534, 95, 20.76, 2013),
(4535, 96, 25.58, 2013),
(4536, 97, 16.48, 2013),
(4537, 98, 23.80, 2013),
(4538, 99, 18.01, 2013),
(4539, 100, 18.20, 2013),
(4540, 101, 8.55, 2013),
(4541, 102, 18.00, 2013),
(4542, 103, 16.16, 2013),
(4543, 104, 23.17, 2013),
(4544, 105, 14.05, 2013),
(4545, 106, 13.02, 2013),
(4546, 107, 15.39, 2013),
(4547, 108, 12.48, 2013),
(4548, 109, 10.31, 2013),
(4549, 110, 17.50, 2013),
(4550, 111, 15.58, 2013),
(4551, 112, 14.48, 2013),
(4552, 113, 14.32, 2013),
(4553, 114, 22.73, 2013),
(4554, 115, 14.31, 2013),
(4555, 116, 14.08, 2013),
(4556, 117, 22.28, 2013),
(4557, 118, 10.77, 2013),
(4558, 119, 11.93, 2013),
(4559, 120, 11.97, 2013),
(4560, 121, 15.37, 2013),
(4561, 122, 9.16, 2013),
(4562, 123, 15.51, 2013),
(4563, 124, 10.39, 2013),
(4564, 125, 12.04, 2013),
(4565, 126, 8.02, 2013),
(4566, 127, 27.98, 2013),
(4567, 128, 9.10, 2013),
(4568, 129, 7.44, 2013),
(4569, 130, 6.80, 2013),
(4570, 131, 2.79, 2013),
(4571, 132, 7.54, 2013),
(4572, 133, 9.94, 2013),
(4573, 134, 5.42, 2013),
(4574, 135, 8.58, 2013),
(4575, 136, 7.72, 2013),
(4576, 137, 8.72, 2013),
(4577, 138, 3.22, 2013),
(4578, 139, 7.86, 2013),
(4579, 140, 6.11, 2013),
(4580, 141, 7.62, 2013),
(4581, 142, 0.51, 2013),
(4582, 143, 5.90, 2013),
(4583, 144, 27.47, 2013),
(4584, 145, 3.94, 2013),
(4585, 146, 4.43, 2013),
(4586, 147, 3.82, 2013),
(4587, 148, 3.20, 2013),
(4588, 149, 3.30, 2013),
(4589, 150, -1.45, 2013),
(4590, 151, 2.69, 2013),
(4591, 152, 2.21, 2013),
(4592, 153, 2.27, 2013),
(4593, 154, 2.30, 2013),
(4594, 155, 2.11, 2013),
(4595, 156, 2.62, 2013),
(4596, 157, 1.73, 2013),
(4597, 158, 1.13, 2013),
(4598, 159, 2.37, 2013),
(4599, 160, 1.84, 2013),
(4600, 161, 0.96, 2013),
(4601, 162, 0.97, 2013),
(4602, 163, 0.82, 2013),
(4603, 164, 0.83, 2013),
(4604, 165, 0.56, 2013),
(4605, 166, 0.41, 2013),
(4606, 167, 0.44, 2013),
(4607, 168, 0.25, 2013),
(4608, 169, 0.45, 2013),
(4609, 170, 0.56, 2013),
(4610, 171, 0.31, 2013),
(4611, 172, 0.36, 2013),
(4612, 173, 0.48, 2013),
(4613, 174, 0.33, 2013),
(4614, 175, 0.32, 2013),
(4615, 176, 0.23, 2013),
(4616, 177, 0.23, 2013),
(4617, 178, 0.23, 2013),
(4618, 179, 0.11, 2013),
(4619, 180, 0.11, 2013),
(4620, 181, 0.14, 2013),
(4621, 182, 0.15, 2013),
(4622, 183, 0.19, 2013),
(4623, 184, 0.11, 2013),
(4624, 185, 0.06, 2013),
(4625, 186, 0.08, 2013),
(4626, 187, 0.05, 2013),
(4627, 188, 0.01, 2013),
(4628, 189, 0.00, 2013),
(4629, 190, -0.41, 2013),
(4630, 191, 0.40, 2013),
(4631, 192, -1.51, 2013),
(4632, 193, 43.28, 2013),
(4633, 1, 9304.75, 2014),
(4634, 2, 4697.67, 2014),
(4635, 3, 2080.18, 2014),
(4636, 4, 946.67, 2014),
(4637, 5, 1463.35, 2014),
(4638, 6, 1168.16, 2014),
(4639, 7, 771.28, 2014),
(4640, 8, 616.95, 2014),
(4641, 9, 724.72, 2014),
(4642, 10, 606.41, 2014),
(4643, 11, 706.51, 2014),
(4644, 12, 537.63, 2014),
(4645, 13, 540.50, 2014),
(4646, 14, 475.89, 2014),
(4647, 15, 282.00, 2014),
(4648, 16, 454.58, 2014),
(4649, 17, 350.15, 2014),
(4650, 18, 429.16, 2014),
(4651, 19, 157.45, 2014),
(4652, 20, 128.81, 2014),
(4653, 21, 292.74, 2014),
(4654, 22, 274.16, 2014),
(4655, 23, 261.82, 2014),
(4656, 24, 245.19, 2014),
(4657, 25, 219.96, 2014),
(4658, 26, 159.66, 2014),
(4659, 27, 198.99, 2014),
(4660, 28, 247.38, 2014),
(4661, 29, 234.08, 2014),
(4662, 30, 185.55, 2014),
(4663, 31, 166.28, 2014),
(4664, 32, 134.87, 2014),
(4665, 33, 147.10, 2014),
(4666, 34, 136.69, 2014),
(4667, 35, 232.48, 2014),
(4668, 36, 103.40, 2014),
(4669, 37, 141.98, 2014),
(4670, 38, 156.21, 2014),
(4671, 39, 121.41, 2014),
(4672, 40, 101.74, 2014),
(4673, 41, 83.81, 2014),
(4674, 42, 287.75, 2014),
(4675, 43, 85.51, 2014),
(4676, 44, 23.29, 2014),
(4677, 45, 88.11, 2014),
(4678, 46, 79.26, 2014),
(4679, 47, 82.17, 2014),
(4680, 48, 96.49, 2014),
(4681, 49, 62.69, 2014),
(4682, 50, 66.28, 2014),
(4683, 51, 57.25, 2014),
(4684, 52, 58.83, 2014),
(4685, 53, 60.77, 2014),
(4686, 54, 50.40, 2014),
(4687, 55, 65.86, 2014),
(4688, 56, 43.96, 2014),
(4689, 57, 64.67, 2014),
(4690, 58, 55.18, 2014),
(4691, 59, 73.80, 2014),
(4692, 60, 70.83, 2014),
(4693, 61, 63.33, 2014),
(4694, 62, 59.64, 2014),
(4695, 63, -213.63, 2014),
(4696, 64, -2.11, 2014),
(4697, 65, 71.87, 2014),
(4698, 66, 41.90, 2014),
(4699, 67, 48.09, 2014),
(4700, 68, 42.47, 2014),
(4701, 69, -17.48, 2014),
(4702, 70, 40.88, 2014),
(4703, 71, 44.35, 2014),
(4704, 72, 36.14, 2014),
(4705, 73, 41.42, 2014),
(4706, 74, 43.19, 2014),
(4707, 75, 38.20, 2014),
(4708, 76, 38.22, 2014),
(4709, 77, 37.70, 2014),
(4710, 78, 35.18, 2014),
(4711, 79, 45.08, 2014),
(4712, 80, 38.11, 2014),
(4713, 81, 29.38, 2014),
(4714, 82, 30.28, 2014),
(4715, 83, 13.01, 2014),
(4716, 84, 22.86, 2014),
(4717, 85, 35.08, 2014),
(4718, 86, 8.80, 2014),
(4719, 87, -4.19, 2014),
(4720, 88, 34.83, 2014),
(4721, 89, 20.28, 2014),
(4722, 90, 27.87, 2014),
(4723, 91, 25.97, 2014),
(4724, 92, 15.71, 2014),
(4725, 93, 17.96, 2014),
(4726, 94, 21.12, 2014),
(4727, 95, 21.71, 2014),
(4728, 96, 25.55, 2014),
(4729, 97, 16.57, 2014),
(4730, 98, 25.55, 2014),
(4731, 99, 18.43, 2014),
(4732, 100, 15.86, 2014),
(4733, 101, 9.65, 2014),
(4734, 102, 18.00, 2014),
(4735, 103, 13.96, 2014),
(4736, 104, 25.08, 2014),
(4737, 105, 13.96, 2014),
(4738, 106, 13.09, 2014),
(4739, 107, 15.90, 2014),
(4740, 108, 13.04, 2014),
(4741, 109, 9.79, 2014),
(4742, 110, 17.58, 2014),
(4743, 111, 15.78, 2014),
(4744, 112, 14.99, 2014),
(4745, 113, 14.49, 2014),
(4746, 114, 25.04, 2014),
(4747, 115, 14.16, 2014),
(4748, 116, 14.09, 2014),
(4749, 117, 22.11, 2014),
(4750, 118, 10.79, 2014),
(4751, 119, 10.49, 2014),
(4752, 120, 12.05, 2014),
(4753, 121, 14.04, 2014),
(4754, 122, 9.04, 2014),
(4755, 123, 14.73, 2014),
(4756, 124, 10.72, 2014),
(4757, 125, 12.22, 2014),
(4758, 126, 8.65, 2014),
(4759, 127, 27.58, 2014),
(4760, 128, 8.96, 2014),
(4761, 129, 7.38, 2014),
(4762, 130, 7.33, 2014),
(4763, 131, 4.18, 2014),
(4764, 132, 7.67, 2014),
(4765, 133, 9.41, 2014),
(4766, 134, 5.40, 2014),
(4767, 135, 8.58, 2014),
(4768, 136, 7.50, 2014),
(4769, 137, 9.11, 2014),
(4770, 138, 3.38, 2014),
(4771, 139, 7.44, 2014),
(4772, 140, 6.49, 2014),
(4773, 141, 7.41, 2014),
(4774, 142, -0.35, 2014),
(4775, 143, 5.92, 2014),
(4776, 144, 29.86, 2014),
(4777, 145, 4.34, 2014),
(4778, 146, 4.51, 2014),
(4779, 147, 3.95, 2014),
(4780, 148, 3.38, 2014),
(4781, 149, 3.67, 2014),
(4782, 150, -1.45, 2014),
(4783, 151, 2.53, 2014),
(4784, 152, 2.35, 2014),
(4785, 153, 2.29, 2014),
(4786, 154, 2.25, 2014),
(4787, 155, 2.22, 2014),
(4788, 156, 2.56, 2014),
(4789, 157, 1.75, 2014),
(4790, 158, 1.36, 2014),
(4791, 159, 2.36, 2014),
(4792, 160, 1.69, 2014),
(4793, 161, 1.03, 2014),
(4794, 162, 0.98, 2014),
(4795, 163, 0.84, 2014),
(4796, 164, 0.91, 2014),
(4797, 165, 0.57, 2014),
(4798, 166, 0.46, 2014),
(4799, 167, 0.43, 2014),
(4800, 168, 0.23, 2014),
(4801, 169, 0.49, 2014),
(4802, 170, 0.40, 2014),
(4803, 171, 0.32, 2014),
(4804, 172, 0.36, 2014),
(4805, 173, 0.46, 2014),
(4806, 174, 0.35, 2014),
(4807, 175, 0.25, 2014),
(4808, 176, 0.27, 2014),
(4809, 177, 0.23, 2014),
(4810, 178, 0.22, 2014),
(4811, 179, 0.16, 2014),
(4812, 180, 0.11, 2014),
(4813, 181, 0.14, 2014),
(4814, 182, 0.16, 2014),
(4815, 183, 0.16, 2014),
(4816, 184, 0.11, 2014),
(4817, 185, 0.06, 2014),
(4818, 186, 0.08, 2014),
(4819, 187, 0.05, 2014),
(4820, 188, 0.01, 2014),
(4821, 189, 0.00, 2014),
(4822, 190, -0.30, 2014),
(4823, 191, 0.40, 2014),
(4824, 192, -1.36, 2014),
(4825, 193, 42.74, 2014),
(4826, 1, 9149.52, 2015),
(4827, 2, 4581.10, 2015),
(4828, 3, 2091.34, 2015),
(4829, 4, 927.26, 2015),
(4830, 5, 1496.30, 2015),
(4831, 6, 1128.67, 2015),
(4832, 7, 745.98, 2015),
(4833, 8, 609.63, 2015),
(4834, 9, 731.02, 2015),
(4835, 10, 604.49, 2015),
(4836, 11, 703.29, 2015),
(4837, 12, 557.37, 2015),
(4838, 13, 565.16, 2015),
(4839, 14, 485.26, 2015),
(4840, 15, 293.74, 2015),
(4841, 16, 431.12, 2015),
(4842, 17, 354.39, 2015),
(4843, 18, 414.44, 2015),
(4844, 19, 177.60, 2015),
(4845, 20, 116.05, 2015),
(4846, 21, 303.11, 2015),
(4847, 22, 277.51, 2015),
(4848, 23, 268.75, 2015),
(4849, 24, 250.29, 2015),
(4850, 25, 227.12, 2015),
(4851, 26, 169.56, 2015),
(4852, 27, 180.81, 2015),
(4853, 28, 253.33, 2015),
(4854, 29, 249.35, 2015),
(4855, 30, 194.17, 2015),
(4856, 31, 159.52, 2015),
(4857, 32, 134.11, 2015),
(4858, 33, 155.64, 2015),
(4859, 34, 138.10, 2015),
(4860, 35, 185.81, 2015),
(4861, 36, 112.69, 2015),
(4862, 37, 143.35, 2015),
(4863, 38, 164.26, 2015),
(4864, 39, 125.05, 2015),
(4865, 40, 96.19, 2015),
(4866, 41, 90.44, 2015),
(4867, 42, 272.06, 2015),
(4868, 43, 88.94, 2015),
(4869, 44, 23.46, 2015),
(4870, 45, 92.84, 2015),
(4871, 46, 79.78, 2015),
(4872, 47, 85.21, 2015),
(4873, 48, 97.70, 2015),
(4874, 49, 64.62, 2015),
(4875, 50, 70.03, 2015),
(4876, 51, 58.97, 2015),
(4877, 52, 58.42, 2015),
(4878, 53, 62.70, 2015),
(4879, 54, 51.06, 2015),
(4880, 55, 67.92, 2015),
(4881, 56, 35.10, 2015),
(4882, 57, 66.27, 2015),
(4883, 58, 56.38, 2015),
(4884, 59, 74.54, 2015),
(4885, 60, 69.29, 2015),
(4886, 61, 58.77, 2015),
(4887, 62, 52.59, 2015),
(4888, 63, -211.85, 2015),
(4889, 64, -5.47, 2015),
(4890, 65, 73.36, 2015),
(4891, 66, 44.66, 2015),
(4892, 67, 48.05, 2015),
(4893, 68, 43.37, 2015),
(4894, 69, -17.52, 2015),
(4895, 70, 40.05, 2015),
(4896, 71, 45.38, 2015),
(4897, 72, 42.57, 2015),
(4898, 73, 41.69, 2015),
(4899, 74, 44.72, 2015),
(4900, 75, 40.78, 2015),
(4901, 76, 38.49, 2015),
(4902, 77, 38.27, 2015),
(4903, 78, 35.78, 2015),
(4904, 79, 49.00, 2015),
(4905, 80, 37.40, 2015),
(4906, 81, 28.90, 2015),
(4907, 82, 30.49, 2015),
(4908, 83, 17.54, 2015),
(4909, 84, 23.18, 2015),
(4910, 85, 32.96, 2015),
(4911, 86, 9.70, 2015),
(4912, 87, 1.51, 2015),
(4913, 88, 35.46, 2015),
(4914, 89, 22.42, 2015),
(4915, 90, 27.86, 2015),
(4916, 91, 24.64, 2015),
(4917, 92, 16.24, 2015),
(4918, 93, 19.74, 2015),
(4919, 94, 21.26, 2015),
(4920, 95, 24.17, 2015),
(4921, 96, 26.34, 2015),
(4922, 97, 16.87, 2015),
(4923, 98, 25.31, 2015),
(4924, 99, 19.03, 2015),
(4925, 100, 15.98, 2015),
(4926, 101, 9.62, 2015),
(4927, 102, 18.00, 2015),
(4928, 103, 16.49, 2015),
(4929, 104, 26.94, 2015),
(4930, 105, 14.43, 2015),
(4931, 106, 13.39, 2015),
(4932, 107, 16.22, 2015),
(4933, 108, 13.76, 2015),
(4934, 109, 9.99, 2015),
(4935, 110, 17.59, 2015),
(4936, 111, 16.43, 2015),
(4937, 112, 14.84, 2015),
(4938, 113, 14.70, 2015),
(4939, 114, 26.43, 2015),
(4940, 115, 14.13, 2015),
(4941, 116, 14.14, 2015),
(4942, 117, 21.40, 2015),
(4943, 118, 11.26, 2015),
(4944, 119, 10.52, 2015),
(4945, 120, 12.33, 2015),
(4946, 121, 10.91, 2015),
(4947, 122, 9.81, 2015),
(4948, 123, 15.10, 2015),
(4949, 124, 10.83, 2015),
(4950, 125, 12.37, 2015),
(4951, 126, 9.40, 2015),
(4952, 127, 13.61, 2015),
(4953, 128, 9.01, 2015),
(4954, 129, 6.63, 2015),
(4955, 130, 7.63, 2015),
(4956, 131, 4.50, 2015),
(4957, 132, 8.08, 2015),
(4958, 133, 8.90, 2015),
(4959, 134, 5.27, 2015),
(4960, 135, 8.26, 2015),
(4961, 136, 7.53, 2015),
(4962, 137, 9.53, 2015),
(4963, 138, 3.65, 2015),
(4964, 139, 7.14, 2015),
(4965, 140, 6.53, 2015),
(4966, 141, 7.31, 2015),
(4967, 142, -0.19, 2015),
(4968, 143, 6.11, 2015),
(4969, 144, 32.36, 2015),
(4970, 145, 3.95, 2015),
(4971, 146, 4.46, 2015),
(4972, 147, 3.97, 2015),
(4973, 148, 3.34, 2015),
(4974, 149, 3.93, 2015),
(4975, 150, -1.45, 2015),
(4976, 151, 2.77, 2015),
(4977, 152, 2.14, 2015),
(4978, 153, 2.45, 2015),
(4979, 154, 2.39, 2015),
(4980, 155, 2.33, 2015),
(4981, 156, 2.65, 2015),
(4982, 157, 1.77, 2015),
(4983, 158, 1.31, 2015),
(4984, 159, 1.66, 2015),
(4985, 160, 1.67, 2015),
(4986, 161, 1.11, 2015),
(4987, 162, 0.96, 2015),
(4988, 163, 0.88, 2015),
(4989, 164, 0.90, 2015),
(4990, 165, 0.58, 2015),
(4991, 166, 0.50, 2015),
(4992, 167, 0.44, 2015),
(4993, 168, 0.25, 2015),
(4994, 169, 0.20, 2015),
(4995, 170, 0.45, 2015),
(4996, 171, 0.34, 2015),
(4997, 172, 0.35, 2015),
(4998, 173, 0.47, 2015),
(4999, 174, 0.35, 2015),
(5000, 175, 0.27, 2015),
(5001, 176, 0.25, 2015),
(5002, 177, 0.24, 2015),
(5003, 178, 0.21, 2015),
(5004, 179, 0.14, 2015),
(5005, 180, 0.11, 2015),
(5006, 181, 0.15, 2015),
(5007, 182, 0.17, 2015),
(5008, 183, 0.16, 2015),
(5009, 184, 0.12, 2015),
(5010, 185, 0.06, 2015),
(5011, 186, 0.07, 2015),
(5012, 187, 0.05, 2015),
(5013, 188, 0.01, 2015),
(5014, 189, 0.00, 2015),
(5015, 190, -0.27, 2015),
(5016, 191, 0.40, 2015),
(5017, 192, -1.31, 2015),
(5018, 193, 43.69, 2015),
(5019, 1, 9224.28, 2016),
(5020, 2, 4672.50, 2016),
(5021, 3, 2159.12, 2016),
(5022, 4, 1034.74, 2016),
(5023, 5, 985.32, 2016),
(5024, 6, 1133.50, 2016),
(5025, 7, 829.90, 2016),
(5026, 8, 618.28, 2016),
(5027, 9, 735.67, 2016),
(5028, 10, 603.69, 2016),
(5029, 11, 600.10, 2016),
(5030, 12, 569.64, 2016),
(5031, 13, 561.20, 2016),
(5032, 14, 489.75, 2016),
(5033, 15, 347.75, 2016),
(5034, 16, 431.77, 2016),
(5035, 17, 392.68, 2016),
(5036, 18, 392.91, 2016),
(5037, 19, 209.67, 2016),
(5038, 20, 301.89, 2016),
(5039, 21, 320.44, 2016),
(5040, 22, 282.42, 2016),
(5041, 23, 280.62, 2016),
(5042, 24, 251.87, 2016),
(5043, 25, 235.54, 2016),
(5044, 26, 188.07, 2016),
(5045, 27, 199.20, 2016),
(5046, 28, 215.10, 2016),
(5047, 29, 234.34, 2016),
(5048, 30, 199.21, 2016),
(5049, 31, 162.90, 2016),
(5050, 32, 148.13, 2016),
(5051, 33, 154.84, 2016),
(5052, 34, 166.62, 2016),
(5053, 35, 198.51, 2016),
(5054, 36, 122.37, 2016),
(5055, 37, 146.59, 2016),
(5056, 38, 165.28, 2016),
(5057, 39, 122.65, 2016),
(5058, 40, 101.95, 2016),
(5059, 41, 98.59, 2016),
(5060, 42, 193.69, 2016),
(5061, 43, 91.30, 2016),
(5062, 44, 97.94, 2016),
(5063, 45, 94.40, 2016),
(5064, 46, 88.71, 2016),
(5065, 47, 87.06, 2016),
(5066, 48, 97.34, 2016),
(5067, 49, 77.49, 2016),
(5068, 50, 72.06, 2016),
(5069, 51, 58.35, 2016),
(5070, 52, 65.93, 2016),
(5071, 53, 62.87, 2016),
(5072, 54, 60.07, 2016),
(5073, 55, 66.03, 2016),
(5074, 56, 38.22, 2016),
(5075, 57, 65.31, 2016),
(5076, 58, 56.77, 2016),
(5077, 59, 53.16, 2016),
(5078, 60, 68.13, 2016),
(5079, 61, 53.99, 2016),
(5080, 62, 49.21, 2016),
(5081, 63, 48.66, 2016),
(5082, 64, 58.76, 2016),
(5083, 65, 40.07, 2016),
(5084, 66, 46.09, 2016),
(5085, 67, 47.73, 2016),
(5086, 68, 45.77, 2016),
(5087, 69, 45.71, 2016),
(5088, 70, 40.74, 2016),
(5089, 71, 45.00, 2016),
(5090, 72, 46.55, 2016),
(5091, 73, 42.23, 2016),
(5092, 74, 46.10, 2016),
(5093, 75, 42.51, 2016),
(5094, 76, 38.83, 2016),
(5095, 77, 39.27, 2016),
(5096, 78, 35.58, 2016),
(5097, 79, 48.95, 2016),
(5098, 80, 37.95, 2016),
(5099, 81, 30.40, 2016),
(5100, 82, 30.29, 2016),
(5101, 83, 24.37, 2016),
(5102, 84, 30.47, 2016),
(5103, 85, 37.40, 2016),
(5104, 86, 28.25, 2016),
(5105, 87, 29.24, 2016),
(5106, 88, 26.50, 2016),
(5107, 89, 23.04, 2016),
(5108, 90, 25.07, 2016),
(5109, 91, 24.55, 2016),
(5110, 92, 24.90, 2016),
(5111, 93, 24.97, 2016),
(5112, 94, 26.42, 2016),
(5113, 95, 20.72, 2016),
(5114, 96, 25.64, 2016),
(5115, 97, 21.88, 2016),
(5116, 98, 24.73, 2016),
(5117, 99, 19.26, 2016),
(5118, 100, 20.69, 2016),
(5119, 101, 13.05, 2016),
(5120, 102, 18.01, 2016),
(5121, 103, 24.12, 2016),
(5122, 104, 27.67, 2016),
(5123, 105, 15.18, 2016),
(5124, 106, 14.74, 2016),
(5125, 107, 17.45, 2016),
(5126, 108, 14.46, 2016),
(5127, 109, 15.57, 2016),
(5128, 110, 15.35, 2016),
(5129, 111, 15.92, 2016),
(5130, 112, 14.88, 2016),
(5131, 113, 14.71, 2016),
(5132, 114, 11.74, 2016),
(5133, 115, 14.07, 2016),
(5134, 116, 14.17, 2016),
(5135, 117, 18.40, 2016),
(5136, 118, 13.40, 2016),
(5137, 119, 14.26, 2016),
(5138, 120, 12.22, 2016),
(5139, 121, 20.50, 2016),
(5140, 122, 9.45, 2016),
(5141, 123, 12.53, 2016),
(5142, 124, 12.17, 2016),
(5143, 125, 12.55, 2016),
(5144, 126, 9.81, 2016),
(5145, 127, 10.07, 2016),
(5146, 128, 9.13, 2016),
(5147, 129, 7.25, 2016),
(5148, 130, 8.31, 2016),
(5149, 131, 5.37, 2016),
(5150, 132, 8.21, 2016),
(5151, 133, 8.57, 2016),
(5152, 134, 5.10, 2016),
(5153, 135, 8.25, 2016),
(5154, 136, 7.23, 2016),
(5155, 137, 6.41, 2016),
(5156, 138, 4.67, 2016),
(5157, 139, 6.96, 2016),
(5158, 140, 6.97, 2016),
(5159, 141, 7.71, 2016),
(5160, 142, 4.81, 2016),
(5161, 143, 5.85, 2016),
(5162, 144, 7.71, 2016),
(5163, 145, 4.33, 2016),
(5164, 146, 4.52, 2016),
(5165, 147, 4.01, 2016),
(5166, 148, 3.34, 2016),
(5167, 149, 4.00, 2016),
(5168, 150, 3.54, 2016),
(5169, 151, 3.12, 2016),
(5170, 152, 2.13, 2016),
(5171, 153, 2.43, 2016),
(5172, 154, 2.19, 2016),
(5173, 155, 2.28, 2016),
(5174, 156, 2.24, 2016),
(5175, 157, 1.79, 2016),
(5176, 158, 1.47, 2016),
(5177, 159, 1.35, 2016),
(5178, 160, 1.67, 2016),
(5179, 161, 1.12, 2016),
(5180, 162, 1.03, 2016),
(5181, 163, 0.99, 2016),
(5182, 164, 0.98, 2016),
(5183, 165, 0.60, 2016),
(5184, 166, 0.57, 2016),
(5185, 167, 0.43, 2016),
(5186, 168, 0.28, 2016),
(5187, 169, 0.68, 2016),
(5188, 170, 0.40, 2016),
(5189, 171, 0.35, 2016),
(5190, 172, 0.36, 2016),
(5191, 173, 0.47, 2016),
(5192, 174, 0.37, 2016),
(5193, 175, 0.28, 2016),
(5194, 176, 0.25, 2016),
(5195, 177, 0.24, 2016),
(5196, 178, 0.20, 2016),
(5197, 179, 0.15, 2016),
(5198, 180, 0.12, 2016),
(5199, 181, 0.15, 2016),
(5200, 182, 0.16, 2016),
(5201, 183, 0.15, 2016),
(5202, 184, 0.11, 2016),
(5203, 185, 0.06, 2016),
(5204, 186, 0.07, 2016),
(5205, 187, 0.05, 2016),
(5206, 188, 0.01, 2016),
(5207, 189, 0.00, 2016),
(5208, 190, -0.09, 2016),
(5209, 191, -1.08, 2016),
(5210, 192, -1.37, 2016),
(5211, 193, -10.42, 2016),
(5212, 1, 9441.26, 2017),
(5213, 2, 4597.30, 2017),
(5214, 3, 2272.75, 2017),
(5215, 4, 1057.92, 2017),
(5216, 5, 983.72, 2017),
(5217, 6, 1119.75, 2017),
(5218, 7, 838.81, 2017),
(5219, 8, 637.67, 2017),
(5220, 9, 720.71, 2017),
(5221, 10, 604.11, 2017),
(5222, 11, 610.44, 2017),
(5223, 12, 580.38, 2017),
(5224, 13, 549.71, 2017),
(5225, 14, 487.62, 2017),
(5226, 15, 389.45, 2017),
(5227, 16, 441.10, 2017),
(5228, 17, 394.85, 2017),
(5229, 18, 380.34, 2017),
(5230, 19, 217.78, 2017),
(5231, 20, 288.29, 2017),
(5232, 21, 316.28, 2017),
(5233, 22, 295.36, 2017),
(5234, 23, 279.84, 2017),
(5235, 24, 255.81, 2017),
(5236, 25, 244.65, 2017),
(5237, 26, 205.71, 2017),
(5238, 27, 211.66, 2017),
(5239, 28, 211.21, 2017),
(5240, 29, 250.81, 2017),
(5241, 30, 190.82, 2017),
(5242, 31, 159.65, 2017),
(5243, 32, 161.07, 2017),
(5244, 33, 157.90, 2017),
(5245, 34, 158.73, 2017),
(5246, 35, 171.78, 2017),
(5247, 36, 135.06, 2017),
(5248, 37, 144.02, 2017),
(5249, 38, 162.44, 2017),
(5250, 39, 131.32, 2017),
(5251, 40, 106.36, 2017),
(5252, 41, 104.86, 2017),
(5253, 42, 183.01, 2017),
(5254, 43, 90.35, 2017),
(5255, 44, 97.29, 2017),
(5256, 45, 92.84, 2017),
(5257, 46, 89.01, 2017),
(5258, 47, 88.73, 2017),
(5259, 48, 97.90, 2017),
(5260, 49, 77.54, 2017),
(5261, 50, 71.52, 2017),
(5262, 51, 61.08, 2017),
(5263, 52, 64.68, 2017),
(5264, 53, 62.73, 2017),
(5265, 54, 59.99, 2017),
(5266, 55, 62.60, 2017),
(5267, 56, 75.79, 2017),
(5268, 57, 65.99, 2017),
(5269, 58, 58.94, 2017),
(5270, 59, 53.89, 2017),
(5271, 60, 68.07, 2017),
(5272, 61, 54.88, 2017),
(5273, 62, 52.96, 2017),
(5274, 63, 51.28, 2017),
(5275, 64, 56.36, 2017),
(5276, 65, 41.67, 2017),
(5277, 66, 48.31, 2017),
(5278, 67, 48.45, 2017),
(5279, 68, 45.74, 2017),
(5280, 69, 45.71, 2017),
(5281, 70, 42.08, 2017),
(5282, 71, 47.36, 2017),
(5283, 72, 47.26, 2017),
(5284, 73, 42.34, 2017),
(5285, 74, 44.80, 2017),
(5286, 75, 42.60, 2017),
(5287, 76, 40.11, 2017),
(5288, 77, 39.19, 2017),
(5289, 78, 36.55, 2017),
(5290, 79, 53.53, 2017),
(5291, 80, 36.98, 2017),
(5292, 81, 30.15, 2017),
(5293, 82, 30.50, 2017),
(5294, 83, 27.72, 2017),
(5295, 84, 32.54, 2017),
(5296, 85, 35.25, 2017),
(5297, 86, 28.88, 2017),
(5298, 87, 29.87, 2017),
(5299, 88, 26.94, 2017),
(5300, 89, 21.99, 2017),
(5301, 90, 25.08, 2017),
(5302, 91, 26.21, 2017),
(5303, 92, 24.92, 2017),
(5304, 93, 24.95, 2017),
(5305, 94, 26.04, 2017),
(5306, 95, 19.80, 2017),
(5307, 96, 25.29, 2017),
(5308, 97, 23.62, 2017),
(5309, 98, 26.02, 2017),
(5310, 99, 19.48, 2017),
(5311, 100, 21.02, 2017),
(5312, 101, 15.49, 2017),
(5313, 102, 18.01, 2017),
(5314, 103, 23.19, 2017),
(5315, 104, 29.09, 2017),
(5316, 105, 15.11, 2017),
(5317, 106, 15.26, 2017),
(5318, 107, 17.59, 2017),
(5319, 108, 14.36, 2017),
(5320, 109, 15.58, 2017),
(5321, 110, 15.35, 2017),
(5322, 111, 14.90, 2017),
(5323, 112, 14.37, 2017),
(5324, 113, 14.78, 2017),
(5325, 114, 12.53, 2017),
(5326, 115, 14.09, 2017),
(5327, 116, 14.18, 2017),
(5328, 117, 18.34, 2017),
(5329, 118, 13.14, 2017),
(5330, 119, 14.48, 2017),
(5331, 120, 12.51, 2017),
(5332, 121, 21.37, 2017),
(5333, 122, 10.18, 2017),
(5334, 123, 13.06, 2017),
(5335, 124, 11.66, 2017),
(5336, 125, 11.56, 2017),
(5337, 126, 9.91, 2017),
(5338, 127, 9.73, 2017),
(5339, 128, 9.16, 2017),
(5340, 129, 7.52, 2017),
(5341, 130, 8.23, 2017),
(5342, 131, 6.63, 2017),
(5343, 132, 7.43, 2017),
(5344, 133, 8.73, 2017),
(5345, 134, 5.41, 2017),
(5346, 135, 7.76, 2017),
(5347, 136, 7.20, 2017),
(5348, 137, 6.17, 2017),
(5349, 138, 5.19, 2017),
(5350, 139, 7.44, 2017),
(5351, 140, 7.11, 2017),
(5352, 141, 7.39, 2017),
(5353, 142, 4.39, 2017),
(5354, 143, 5.84, 2017),
(5355, 144, 10.01, 2017),
(5356, 145, 5.16, 2017),
(5357, 146, 4.47, 2017),
(5358, 147, 4.15, 2017),
(5359, 148, 3.14, 2017),
(5360, 149, 4.00, 2017),
(5361, 150, 3.62, 2017),
(5362, 151, 2.83, 2017),
(5363, 152, 2.40, 2017),
(5364, 153, 2.53, 2017),
(5365, 154, 2.30, 2017),
(5366, 155, 2.58, 2017),
(5367, 156, 2.28, 2017),
(5368, 157, 1.79, 2017),
(5369, 158, 1.55, 2017),
(5370, 159, 1.52, 2017),
(5371, 160, 1.64, 2017),
(5372, 161, 1.13, 2017),
(5373, 162, 1.02, 2017),
(5374, 163, 0.98, 2017),
(5375, 164, 1.03, 2017),
(5376, 165, 0.60, 2017),
(5377, 166, 0.57, 2017),
(5378, 167, 0.45, 2017),
(5379, 168, 0.34, 2017),
(5380, 169, 0.84, 2017),
(5381, 170, 0.40, 2017),
(5382, 171, 0.36, 2017),
(5383, 172, 0.38, 2017),
(5384, 173, 0.47, 2017),
(5385, 174, 0.37, 2017),
(5386, 175, 0.29, 2017),
(5387, 176, 0.23, 2017),
(5388, 177, 0.24, 2017),
(5389, 178, 0.21, 2017),
(5390, 179, 0.14, 2017),
(5391, 180, 0.13, 2017),
(5392, 181, 0.15, 2017),
(5393, 182, 0.14, 2017),
(5394, 183, 0.16, 2017),
(5395, 184, 0.11, 2017),
(5396, 185, 0.07, 2017),
(5397, 186, 0.08, 2017),
(5398, 187, 0.06, 2017),
(5399, 188, 0.01, 2017),
(5400, 189, 0.00, 2017),
(5401, 190, -0.01, 2017),
(5402, 191, -1.08, 2017),
(5403, 192, -1.24, 2017),
(5404, 193, -9.83, 2017),
(5405, 1, 9910.09, 2018),
(5406, 2, 4753.58, 2018),
(5407, 3, 2422.24, 2018),
(5408, 4, 1124.95, 2018),
(5409, 5, 1181.32, 2018),
(5410, 6, 1080.02, 2018),
(5411, 7, 817.56, 2018),
(5412, 8, 631.88, 2018),
(5413, 9, 696.28, 2018),
(5414, 10, 604.09, 2018),
(5415, 11, 621.73, 2018),
(5416, 12, 584.39, 2018),
(5417, 13, 527.54, 2018),
(5418, 14, 457.77, 2018),
(5419, 15, 385.46, 2018),
(5420, 16, 444.97, 2018),
(5421, 17, 393.57, 2018),
(5422, 18, 372.30, 2018),
(5423, 19, 275.02, 2018),
(5424, 20, 309.55, 2018),
(5425, 21, 311.98, 2018),
(5426, 22, 294.35, 2018),
(5427, 23, 277.21, 2018),
(5428, 24, 245.25, 2018),
(5429, 25, 238.37, 2018),
(5430, 26, 193.86, 2018),
(5431, 27, 213.70, 2018),
(5432, 28, 208.84, 2018),
(5433, 29, 244.45, 2018),
(5434, 30, 173.25, 2018),
(5435, 31, 165.78, 2018),
(5436, 32, 172.95, 2018),
(5437, 33, 164.72, 2018),
(5438, 34, 162.46, 2018),
(5439, 35, 182.45, 2018),
(5440, 36, 140.69, 2018),
(5441, 37, 144.34, 2018),
(5442, 38, 158.14, 2018),
(5443, 39, 133.43, 2018),
(5444, 40, 108.78, 2018),
(5445, 41, 107.81, 2018),
(5446, 42, 173.57, 2018),
(5447, 43, 92.66, 2018),
(5448, 44, 98.64, 2018),
(5449, 45, 93.77, 2018),
(5450, 46, 89.26, 2018),
(5451, 47, 87.24, 2018),
(5452, 48, 97.08, 2018),
(5453, 49, 78.22, 2018),
(5454, 50, 75.26, 2018),
(5455, 51, 62.35, 2018),
(5456, 52, 66.41, 2018),
(5457, 53, 62.12, 2018),
(5458, 54, 59.70, 2018),
(5459, 55, 60.94, 2018),
(5460, 56, 68.65, 2018),
(5461, 57, 61.53, 2018),
(5462, 58, 56.20, 2018),
(5463, 59, 54.33, 2018),
(5464, 60, 66.29, 2018),
(5465, 61, 57.83, 2018),
(5466, 62, 54.77, 2018),
(5467, 63, 52.26, 2018),
(5468, 64, 57.99, 2018),
(5469, 65, 42.56, 2018),
(5470, 66, 48.24, 2018),
(5471, 67, 49.18, 2018),
(5472, 68, 47.26, 2018),
(5473, 69, 45.71, 2018),
(5474, 70, 44.04, 2018),
(5475, 71, 45.11, 2018),
(5476, 72, 46.11, 2018),
(5477, 73, 43.00, 2018),
(5478, 74, 44.54, 2018),
(5479, 75, 42.66, 2018),
(5480, 76, 41.05, 2018),
(5481, 77, 39.88, 2018),
(5482, 78, 36.19, 2018),
(5483, 79, 49.71, 2018),
(5484, 80, 35.76, 2018),
(5485, 81, 30.94, 2018),
(5486, 82, 30.69, 2018),
(5487, 83, 28.33, 2018),
(5488, 84, 31.97, 2018),
(5489, 85, 35.20, 2018),
(5490, 86, 29.42, 2018),
(5491, 87, 29.34, 2018),
(5492, 88, 27.24, 2018),
(5493, 89, 23.81, 2018),
(5494, 90, 25.20, 2018),
(5495, 91, 28.12, 2018),
(5496, 92, 24.51, 2018),
(5497, 93, 23.50, 2018),
(5498, 94, 24.27, 2018),
(5499, 95, 21.35, 2018),
(5500, 96, 24.84, 2018),
(5501, 97, 23.04, 2018),
(5502, 98, 24.71, 2018),
(5503, 99, 20.07, 2018),
(5504, 100, 20.95, 2018),
(5505, 101, 17.15, 2018),
(5506, 102, 18.01, 2018),
(5507, 103, 23.63, 2018),
(5508, 104, 27.32, 2018),
(5509, 105, 15.98, 2018),
(5510, 106, 15.17, 2018),
(5511, 107, 18.31, 2018),
(5512, 108, 14.92, 2018),
(5513, 109, 16.00, 2018),
(5514, 110, 15.46, 2018),
(5515, 111, 14.56, 2018),
(5516, 112, 14.15, 2018),
(5517, 113, 14.84, 2018),
(5518, 114, 11.68, 2018),
(5519, 115, 14.03, 2018),
(5520, 116, 14.19, 2018),
(5521, 117, 17.89, 2018),
(5522, 118, 13.37, 2018),
(5523, 119, 14.43, 2018),
(5524, 120, 12.34, 2018),
(5525, 121, 20.37, 2018),
(5526, 122, 11.13, 2018),
(5527, 123, 12.09, 2018),
(5528, 124, 11.36, 2018),
(5529, 125, 11.27, 2018),
(5530, 126, 9.73, 2018),
(5531, 127, 11.44, 2018),
(5532, 128, 9.66, 2018),
(5533, 129, 7.79, 2018),
(5534, 130, 8.72, 2018),
(5535, 131, 7.97, 2018),
(5536, 132, 7.92, 2018),
(5537, 133, 9.05, 2018),
(5538, 134, 5.75, 2018),
(5539, 135, 7.54, 2018),
(5540, 136, 7.88, 2018),
(5541, 137, 8.04, 2018),
(5542, 138, 5.57, 2018),
(5543, 139, 6.95, 2018),
(5544, 140, 6.95, 2018),
(5545, 141, 8.75, 2018),
(5546, 142, 4.83, 2018),
(5547, 143, 5.83, 2018),
(5548, 144, 7.02, 2018),
(5549, 145, 5.07, 2018),
(5550, 146, 4.40, 2018),
(5551, 147, 4.11, 2018),
(5552, 148, 3.20, 2018),
(5553, 149, 3.96, 2018),
(5554, 150, 3.74, 2018),
(5555, 151, 3.00, 2018),
(5556, 152, 2.28, 2018),
(5557, 153, 2.67, 2018),
(5558, 154, 2.54, 2018),
(5559, 155, 2.50, 2018),
(5560, 156, 2.31, 2018),
(5561, 157, 1.80, 2018),
(5562, 158, 1.78, 2018),
(5563, 159, 1.55, 2018),
(5564, 160, 1.65, 2018),
(5565, 161, 1.18, 2018),
(5566, 162, 1.09, 2018),
(5567, 163, 0.98, 2018),
(5568, 164, 0.97, 2018),
(5569, 165, 0.62, 2018),
(5570, 166, 0.60, 2018),
(5571, 167, 0.49, 2018),
(5572, 168, 0.36, 2018),
(5573, 169, 0.83, 2018),
(5574, 170, 0.45, 2018),
(5575, 171, 0.36, 2018),
(5576, 172, 0.38, 2018),
(5577, 173, 0.49, 2018),
(5578, 174, 0.36, 2018),
(5579, 175, 0.32, 2018),
(5580, 176, 0.25, 2018),
(5581, 177, 0.25, 2018),
(5582, 178, 0.21, 2018),
(5583, 179, 0.18, 2018),
(5584, 180, 0.13, 2018),
(5585, 181, 0.15, 2018),
(5586, 182, 0.15, 2018),
(5587, 183, 0.14, 2018),
(5588, 184, 0.11, 2018),
(5589, 185, 0.07, 2018),
(5590, 186, 0.08, 2018),
(5591, 187, 0.05, 2018),
(5592, 188, 0.01, 2018),
(5593, 189, 0.00, 2018),
(5594, 190, 0.13, 2018),
(5595, 191, -1.08, 2018),
(5596, 192, -1.18, 2018),
(5597, 193, -8.17, 2018),
(5598, 1, 10125.52, 2019),
(5599, 2, 4596.00, 2019),
(5600, 3, 2388.37, 2019),
(5601, 4, 1167.88, 2019),
(5602, 5, 1392.80, 2019),
(5603, 6, 1041.79, 2019),
(5604, 7, 815.52, 2019),
(5605, 8, 671.40, 2019),
(5606, 9, 647.12, 2019),
(5607, 10, 604.34, 2019),
(5608, 11, 614.40, 2019),
(5609, 12, 566.33, 2019),
(5610, 13, 526.91, 2019),
(5611, 14, 465.91, 2019),
(5612, 15, 370.12, 2019),
(5613, 16, 451.73, 2019),
(5614, 17, 392.29, 2019),
(5615, 18, 357.52, 2019),
(5616, 19, 331.05, 2019),
(5617, 20, 315.14, 2019),
(5618, 21, 304.30, 2019),
(5619, 22, 277.47, 2019),
(5620, 23, 287.21, 2019),
(5621, 24, 238.84, 2019),
(5622, 25, 218.59, 2019),
(5623, 26, 191.01, 2019),
(5624, 27, 201.44, 2019),
(5625, 28, 200.10, 2019),
(5626, 29, 227.98, 2019),
(5627, 30, 184.16, 2019),
(5628, 31, 171.12, 2019),
(5629, 32, 187.52, 2019),
(5630, 33, 170.78, 2019),
(5631, 34, 161.98, 2019),
(5632, 35, 171.34, 2019),
(5633, 36, 147.50, 2019),
(5634, 37, 146.64, 2019),
(5635, 38, 152.62, 2019),
(5636, 39, 132.51, 2019),
(5637, 40, 113.87, 2019),
(5638, 41, 110.00, 2019),
(5639, 42, 153.57, 2019),
(5640, 43, 93.94, 2019),
(5641, 44, 97.66, 2019),
(5642, 45, 93.18, 2019),
(5643, 46, 89.21, 2019),
(5644, 47, 90.95, 2019),
(5645, 48, 92.06, 2019),
(5646, 49, 80.38, 2019),
(5647, 50, 75.64, 2019),
(5648, 51, 69.05, 2019),
(5649, 52, 65.76, 2019),
(5650, 53, 61.99, 2019),
(5651, 54, 60.35, 2019),
(5652, 55, 62.29, 2019),
(5653, 56, 75.86, 2019),
(5654, 57, 63.25, 2019),
(5655, 58, 57.61, 2019),
(5656, 59, 54.07, 2019),
(5657, 60, 61.26, 2019),
(5658, 61, 56.08, 2019),
(5659, 62, 55.19, 2019),
(5660, 63, 51.03, 2019),
(5661, 64, 55.12, 2019),
(5662, 65, 46.78, 2019),
(5663, 66, 48.28, 2019),
(5664, 67, 48.34, 2019),
(5665, 68, 48.62, 2019),
(5666, 69, 45.72, 2019),
(5667, 70, 45.59, 2019),
(5668, 71, 45.11, 2019),
(5669, 72, 46.06, 2019),
(5670, 73, 42.78, 2019),
(5671, 74, 42.77, 2019),
(5672, 75, 42.71, 2019),
(5673, 76, 40.06, 2019),
(5674, 77, 40.11, 2019),
(5675, 78, 36.83, 2019),
(5676, 79, 44.81, 2019),
(5677, 80, 35.64, 2019),
(5678, 81, 32.80, 2019),
(5679, 82, 33.12, 2019),
(5680, 83, 27.86, 2019),
(5681, 84, 30.00, 2019),
(5682, 85, 31.69, 2019),
(5683, 86, 29.76, 2019),
(5684, 87, 34.64, 2019),
(5685, 88, 27.18, 2019),
(5686, 89, 26.69, 2019),
(5687, 90, 25.27, 2019),
(5688, 91, 26.49, 2019),
(5689, 92, 24.61, 2019),
(5690, 93, 25.58, 2019),
(5691, 94, 23.61, 2019),
(5692, 95, 22.29, 2019),
(5693, 96, 23.64, 2019),
(5694, 97, 24.35, 2019),
(5695, 98, 23.24, 2019),
(5696, 99, 20.17, 2019),
(5697, 100, 19.44, 2019),
(5698, 101, 15.81, 2019),
(5699, 102, 18.01, 2019),
(5700, 103, 21.38, 2019),
(5701, 104, 26.82, 2019),
(5702, 105, 16.83, 2019),
(5703, 106, 15.96, 2019),
(5704, 107, 18.16, 2019),
(5705, 108, 15.26, 2019),
(5706, 109, 16.07, 2019),
(5707, 110, 15.65, 2019),
(5708, 111, 15.72, 2019),
(5709, 112, 17.33, 2019),
(5710, 113, 14.88, 2019),
(5711, 114, 11.91, 2019),
(5712, 115, 14.37, 2019),
(5713, 116, 14.21, 2019),
(5714, 117, 17.74, 2019),
(5715, 118, 13.25, 2019),
(5716, 119, 14.01, 2019),
(5717, 120, 12.99, 2019),
(5718, 121, 14.68, 2019),
(5719, 122, 11.43, 2019),
(5720, 123, 12.18, 2019),
(5721, 124, 11.87, 2019),
(5722, 125, 11.38, 2019),
(5723, 126, 10.55, 2019),
(5724, 127, 11.74, 2019),
(5725, 128, 9.58, 2019),
(5726, 129, 7.50, 2019),
(5727, 130, 9.11, 2019),
(5728, 131, 8.84, 2019),
(5729, 132, 8.99, 2019),
(5730, 133, 9.23, 2019),
(5731, 134, 6.23, 2019),
(5732, 135, 7.65, 2019),
(5733, 136, 7.65, 2019),
(5734, 137, 6.75, 2019),
(5735, 138, 6.18, 2019),
(5736, 139, 7.96, 2019),
(5737, 140, 6.94, 2019),
(5738, 141, 8.54, 2019),
(5739, 142, 5.09, 2019),
(5740, 143, 5.94, 2019),
(5741, 144, 5.29, 2019),
(5742, 145, 4.75, 2019),
(5743, 146, 4.39, 2019),
(5744, 147, 4.15, 2019),
(5745, 148, 3.44, 2019),
(5746, 149, 3.99, 2019),
(5747, 150, 3.74, 2019),
(5748, 151, 3.05, 2019),
(5749, 152, 2.30, 2019),
(5750, 153, 2.72, 2019),
(5751, 154, 2.62, 2019),
(5752, 155, 2.54, 2019),
(5753, 156, 2.26, 2019),
(5754, 157, 1.81, 2019),
(5755, 158, 2.01, 2019),
(5756, 159, 1.65, 2019),
(5757, 160, 1.68, 2019),
(5758, 161, 1.24, 2019),
(5759, 162, 1.11, 2019),
(5760, 163, 1.04, 2019),
(5761, 164, 1.08, 2019),
(5762, 165, 0.64, 2019),
(5763, 166, 0.59, 2019),
(5764, 167, 0.50, 2019),
(5765, 168, 0.39, 2019),
(5766, 169, 0.60, 2019),
(5767, 170, 0.46, 2019),
(5768, 171, 0.39, 2019),
(5769, 172, 0.37, 2019),
(5770, 173, 0.48, 2019),
(5771, 174, 0.36, 2019),
(5772, 175, 0.35, 2019),
(5773, 176, 0.23, 2019),
(5774, 177, 0.25, 2019),
(5775, 178, 0.21, 2019),
(5776, 179, 0.17, 2019),
(5777, 180, 0.16, 2019),
(5778, 181, 0.15, 2019),
(5779, 182, 0.16, 2019),
(5780, 183, 0.15, 2019),
(5781, 184, 0.11, 2019),
(5782, 185, 0.08, 2019),
(5783, 186, 0.08, 2019),
(5784, 187, 0.05, 2019),
(5785, 188, 0.01, 2019),
(5786, 189, 0.00, 2019),
(5787, 190, 0.12, 2019),
(5788, 191, -1.08, 2019),
(5789, 192, -1.17, 2019),
(5790, 193, -6.98, 2019),
(5791, 1, 10260.60, 2020),
(5792, 2, 4098.53, 2020),
(5793, 3, 2164.80, 2020),
(5794, 4, 1089.49, 2020),
(5795, 5, 1053.65, 2020),
(5796, 6, 983.32, 2020),
(5797, 7, 795.78, 2020),
(5798, 8, 685.97, 2020),
(5799, 9, 594.89, 2020),
(5800, 10, 604.46, 2020),
(5801, 11, 560.28, 2020),
(5802, 12, 523.88, 2020),
(5803, 13, 513.05, 2020),
(5804, 14, 401.61, 2020),
(5805, 15, 378.35, 2020),
(5806, 16, 397.95, 2020),
(5807, 17, 376.29, 2020),
(5808, 18, 319.37, 2020),
(5809, 19, 345.85, 2020),
(5810, 20, 307.03, 2020),
(5811, 21, 268.37, 2020),
(5812, 22, 262.79, 2020),
(5813, 23, 277.04, 2020),
(5814, 24, 205.31, 2020),
(5815, 25, 207.53, 2020),
(5816, 26, 214.59, 2020),
(5817, 27, 208.75, 2020),
(5818, 28, 186.44, 2020),
(5819, 29, 188.80, 2020),
(5820, 30, 182.15, 2020),
(5821, 31, 163.42, 2020),
(5822, 32, 164.84, 2020),
(5823, 33, 161.76, 2020),
(5824, 34, 159.71, 2020),
(5825, 35, 162.41, 2020),
(5826, 36, 135.12, 2020),
(5827, 37, 136.30, 2020),
(5828, 38, 136.53, 2020),
(5829, 39, 134.78, 2020),
(5830, 40, 112.40, 2020),
(5831, 41, 104.59, 2020),
(5832, 42, 108.44, 2020),
(5833, 43, 93.45, 2020),
(5834, 44, 95.72, 2020),
(5835, 45, 85.39, 2020),
(5836, 46, 85.78, 2020),
(5837, 47, 87.34, 2020),
(5838, 48, 83.47, 2020),
(5839, 49, 80.03, 2020),
(5840, 50, 71.09, 2020),
(5841, 51, 64.78, 2020),
(5842, 52, 60.56, 2020),
(5843, 53, 62.46, 2020),
(5844, 54, 59.76, 2020),
(5845, 55, 55.46, 2020),
(5846, 56, 71.73, 2020),
(5847, 57, 59.37, 2020),
(5848, 58, 52.26, 2020),
(5849, 59, 53.54, 2020),
(5850, 60, 52.27, 2020),
(5851, 61, 53.21, 2020),
(5852, 62, 44.12, 2020),
(5853, 63, 45.75, 2020),
(5854, 64, 50.54, 2020),
(5855, 65, 47.66, 2020),
(5856, 66, 46.48, 2020),
(5857, 67, 46.90, 2020),
(5858, 68, 46.67, 2020),
(5859, 69, 45.71, 2020),
(5860, 70, 43.65, 2020),
(5861, 71, 43.69, 2020),
(5862, 72, 46.26, 2020),
(5863, 73, 43.02, 2020),
(5864, 74, 40.64, 2020),
(5865, 75, 40.90, 2020),
(5866, 76, 40.53, 2020),
(5867, 77, 40.94, 2020),
(5868, 78, 36.73, 2020),
(5869, 79, 39.08, 2020),
(5870, 80, 33.18, 2020),
(5871, 81, 31.32, 2020),
(5872, 82, 32.74, 2020),
(5873, 83, 27.91, 2020),
(5874, 84, 28.00, 2020),
(5875, 85, 29.34, 2020),
(5876, 86, 29.63, 2020),
(5877, 87, 27.54, 2020),
(5878, 88, 25.44, 2020),
(5879, 89, 24.98, 2020),
(5880, 90, 25.36, 2020),
(5881, 91, 24.96, 2020),
(5882, 92, 23.97, 2020),
(5883, 93, 23.63, 2020),
(5884, 94, 22.24, 2020),
(5885, 95, 20.14, 2020),
(5886, 96, 22.21, 2020),
(5887, 97, 21.69, 2020),
(5888, 98, 21.12, 2020),
(5889, 99, 20.02, 2020),
(5890, 100, 19.27, 2020),
(5891, 101, 18.83, 2020),
(5892, 102, 17.96, 2020),
(5893, 103, 18.36, 2020),
(5894, 104, 21.65, 2020),
(5895, 105, 16.96, 2020),
(5896, 106, 16.54, 2020),
(5897, 107, 18.69, 2020),
(5898, 108, 15.02, 2020),
(5899, 109, 16.04, 2020),
(5900, 110, 16.16, 2020),
(5901, 111, 14.36, 2020),
(5902, 112, 13.81, 2020),
(5903, 113, 14.53, 2020),
(5904, 114, 11.87, 2020),
(5905, 115, 14.20, 2020),
(5906, 116, 14.22, 2020),
(5907, 117, 15.57, 2020),
(5908, 118, 13.17, 2020),
(5909, 119, 12.83, 2020),
(5910, 120, 12.11, 2020),
(5911, 121, 11.68, 2020),
(5912, 122, 12.20, 2020),
(5913, 123, 11.28, 2020),
(5914, 124, 11.82, 2020),
(5915, 125, 11.26, 2020),
(5916, 126, 10.24, 2020),
(5917, 127, 10.82, 2020),
(5918, 128, 9.80, 2020),
(5919, 129, 9.80, 2020),
(5920, 130, 8.81, 2020),
(5921, 131, 9.20, 2020),
(5922, 132, 7.46, 2020),
(5923, 133, 7.59, 2020),
(5924, 134, 6.78, 2020),
(5925, 135, 7.47, 2020),
(5926, 136, 7.02, 2020),
(5927, 137, 5.88, 2020),
(5928, 138, 6.80, 2020),
(5929, 139, 6.78, 2020),
(5930, 140, 6.52, 2020),
(5931, 141, 5.96, 2020),
(5932, 142, 4.77, 2020),
(5933, 143, 5.84, 2020),
(5934, 144, 0.22, 2020),
(5935, 145, 4.47, 2020),
(5936, 146, 4.41, 2020),
(5937, 147, 3.70, 2020),
(5938, 148, 3.48, 2020),
(5939, 149, 3.88, 2020),
(5940, 150, 3.79, 2020),
(5941, 151, 3.27, 2020),
(5942, 152, 2.09, 2020),
(5943, 153, 2.66, 2020),
(5944, 154, 2.55, 2020),
(5945, 155, 2.25, 2020),
(5946, 156, 2.06, 2020),
(5947, 157, 1.79, 2020),
(5948, 158, 1.69, 2020),
(5949, 159, 1.61, 2020),
(5950, 160, 1.25, 2020),
(5951, 161, 1.23, 2020),
(5952, 162, 1.11, 2020),
(5953, 163, 1.02, 2020),
(5954, 164, 1.06, 2020),
(5955, 165, 0.62, 2020),
(5956, 166, 0.60, 2020),
(5957, 167, 0.46, 2020),
(5958, 168, 0.45, 2020),
(5959, 169, -0.40, 2020),
(5960, 170, 0.39, 2020),
(5961, 171, 0.36, 2020),
(5962, 172, 0.35, 2020),
(5963, 173, 0.37, 2020),
(5964, 174, 0.36, 2020),
(5965, 175, 0.30, 2020),
(5966, 176, 0.26, 2020),
(5967, 177, 0.23, 2020),
(5968, 178, 0.21, 2020),
(5969, 179, 0.21, 2020),
(5970, 180, 0.19, 2020),
(5971, 181, 0.15, 2020),
(5972, 182, 0.15, 2020),
(5973, 183, 0.14, 2020),
(5974, 184, 0.11, 2020),
(5975, 185, 0.07, 2020),
(5976, 186, 0.06, 2020),
(5977, 187, 0.05, 2020),
(5978, 188, 0.01, 2020),
(5979, 189, 0.00, 2020),
(5980, 190, -0.40, 2020),
(5981, 191, -1.08, 2020),
(5982, 192, -1.55, 2020),
(5983, 193, -5.07, 2020),
(5984, 1, 10849.18, 2021),
(5985, 2, 4385.23, 2021),
(5986, 3, 2395.19, 2021),
(5987, 4, 1211.29, 2021),
(5988, 5, 1060.49, 2021),
(5989, 6, 990.74, 2021),
(5990, 7, 849.86, 2021),
(5991, 8, 712.56, 2021),
(5992, 9, 626.16, 2021),
(5993, 10, 604.51, 2021),
(5994, 11, 568.64, 2021),
(5995, 12, 536.52, 2021),
(5996, 13, 529.90, 2021),
(5997, 14, 422.42, 2021),
(5998, 15, 416.37, 2021),
(5999, 16, 403.75, 2021),
(6000, 17, 368.00, 2021),
(6001, 18, 339.53, 2021),
(6002, 19, 334.39, 2021),
(6003, 20, 306.76, 2021),
(6004, 21, 304.65, 2021),
(6005, 22, 289.23, 2021),
(6006, 23, 269.11, 2021),
(6007, 24, 236.82, 2021),
(6008, 25, 230.90, 2021),
(6009, 26, 227.57, 2021),
(6010, 27, 227.52, 2021),
(6011, 28, 209.16, 2021),
(6012, 29, 206.06, 2021),
(6013, 30, 187.51, 2021),
(6014, 31, 171.24, 2021),
(6015, 32, 168.95, 2021),
(6016, 33, 168.83, 2021),
(6017, 34, 166.62, 2021),
(6018, 35, 160.88, 2021),
(6019, 36, 145.15, 2021),
(6020, 37, 141.80, 2021),
(6021, 38, 141.07, 2021),
(6022, 39, 129.49, 2021),
(6023, 40, 119.69, 2021),
(6024, 41, 117.79, 2021),
(6025, 42, 106.40, 2021),
(6026, 43, 100.64, 2021),
(6027, 44, 96.71, 2021),
(6028, 45, 89.22, 2021),
(6029, 46, 89.07, 2021),
(6030, 47, 88.68, 2021),
(6031, 48, 88.54, 2021),
(6032, 49, 82.67, 2021),
(6033, 50, 76.52, 2021),
(6034, 51, 70.58, 2021),
(6035, 52, 64.54, 2021),
(6036, 53, 61.85, 2021),
(6037, 54, 61.00, 2021),
(6038, 55, 60.01, 2021),
(6039, 56, 59.96, 2021),
(6040, 57, 58.84, 2021),
(6041, 58, 55.45, 2021),
(6042, 59, 54.55, 2021),
(6043, 60, 54.10, 2021),
(6044, 61, 53.79, 2021),
(6045, 62, 53.42, 2021),
(6046, 63, 50.86, 2021),
(6047, 64, 50.48, 2021),
(6048, 65, 48.02, 2021),
(6049, 66, 47.86, 2021),
(6050, 67, 47.37, 2021),
(6051, 68, 47.06, 2021),
(6052, 69, 45.73, 2021),
(6053, 70, 45.60, 2021),
(6054, 71, 45.58, 2021),
(6055, 72, 45.19, 2021),
(6056, 73, 42.92, 2021),
(6057, 74, 42.72, 2021),
(6058, 75, 42.48, 2021),
(6059, 76, 40.77, 2021),
(6060, 77, 40.16, 2021),
(6061, 78, 38.10, 2021),
(6062, 79, 37.34, 2021),
(6063, 80, 34.83, 2021),
(6064, 81, 33.39, 2021),
(6065, 82, 33.21, 2021),
(6066, 83, 32.06, 2021),
(6067, 84, 31.06, 2021),
(6068, 85, 31.00, 2021),
(6069, 86, 30.37, 2021),
(6070, 87, 28.72, 2021),
(6071, 88, 27.91, 2021),
(6072, 89, 27.80, 2021),
(6073, 90, 25.37, 2021),
(6074, 91, 24.77, 2021),
(6075, 92, 24.44, 2021),
(6076, 93, 24.40, 2021),
(6077, 94, 24.36, 2021),
(6078, 95, 22.87, 2021),
(6079, 96, 22.39, 2021),
(6080, 97, 22.09, 2021),
(6081, 98, 21.88, 2021),
(6082, 99, 20.68, 2021),
(6083, 100, 19.44, 2021),
(6084, 101, 18.93, 2021),
(6085, 102, 17.98, 2021),
(6086, 103, 17.90, 2021),
(6087, 104, 16.72, 2021),
(6088, 105, 16.62, 2021),
(6089, 106, 16.57, 2021),
(6090, 107, 16.55, 2021),
(6091, 108, 16.48, 2021),
(6092, 109, 16.47, 2021),
(6093, 110, 16.09, 2021),
(6094, 111, 15.42, 2021),
(6095, 112, 15.10, 2021),
(6096, 113, 14.62, 2021),
(6097, 114, 14.45, 2021),
(6098, 115, 14.26, 2021),
(6099, 116, 14.23, 2021),
(6100, 117, 13.73, 2021),
(6101, 118, 13.21, 2021),
(6102, 119, 13.09, 2021),
(6103, 120, 13.08, 2021),
(6104, 121, 12.93, 2021),
(6105, 122, 12.85, 2021),
(6106, 123, 11.95, 2021),
(6107, 124, 11.82, 2021),
(6108, 125, 11.11, 2021),
(6109, 126, 10.91, 2021),
(6110, 127, 10.81, 2021),
(6111, 128, 9.98, 2021),
(6112, 129, 9.75, 2021),
(6113, 130, 9.62, 2021),
(6114, 131, 9.22, 2021),
(6115, 132, 8.42, 2021),
(6116, 133, 7.94, 2021),
(6117, 134, 7.39, 2021),
(6118, 135, 7.30, 2021),
(6119, 136, 7.22, 2021),
(6120, 137, 7.11, 2021),
(6121, 138, 7.02, 2021),
(6122, 139, 6.86, 2021),
(6123, 140, 6.64, 2021),
(6124, 141, 6.52, 2021),
(6125, 142, 6.19, 2021),
(6126, 143, 5.88, 2021),
(6127, 144, 5.83, 2021),
(6128, 145, 4.96, 2021),
(6129, 146, 4.44, 2021),
(6130, 147, 3.94, 2021),
(6131, 148, 3.91, 2021),
(6132, 149, 3.85, 2021),
(6133, 150, 3.80, 2021),
(6134, 151, 3.53, 2021),
(6135, 152, 3.10, 2021),
(6136, 153, 2.88, 2021),
(6137, 154, 2.58, 2021),
(6138, 155, 2.36, 2021),
(6139, 156, 2.17, 2021),
(6140, 157, 1.80, 2021),
(6141, 158, 1.76, 2021),
(6142, 159, 1.61, 2021),
(6143, 160, 1.36, 2021),
(6144, 161, 1.24, 2021),
(6145, 162, 1.15, 2021),
(6146, 163, 1.11, 2021),
(6147, 164, 1.09, 2021),
(6148, 165, 0.64, 2021),
(6149, 166, 0.61, 2021),
(6150, 167, 0.47, 2021),
(6151, 168, 0.46, 2021),
(6152, 169, 0.46, 2021),
(6153, 170, 0.45, 2021),
(6154, 171, 0.37, 2021),
(6155, 172, 0.36, 2021),
(6156, 173, 0.36, 2021),
(6157, 174, 0.36, 2021),
(6158, 175, 0.31, 2021),
(6159, 176, 0.27, 2021),
(6160, 177, 0.24, 2021),
(6161, 178, 0.22, 2021),
(6162, 179, 0.22, 2021),
(6163, 180, 0.20, 2021),
(6164, 181, 0.16, 2021),
(6165, 182, 0.15, 2021),
(6166, 183, 0.15, 2021),
(6167, 184, 0.12, 2021),
(6168, 185, 0.08, 2021),
(6169, 186, 0.07, 2021),
(6170, 187, 0.06, 2021),
(6171, 188, 0.01, 2021),
(6172, 189, 0.00, 2021),
(6173, 190, -0.25, 2021),
(6174, 191, -1.08, 2021),
(6175, 192, -1.50, 2021),
(6176, 193, -2.36, 2021);

-- --------------------------------------------------------

--
-- Tabellenstruktur für Tabelle `registerRequests`
--

CREATE TABLE `registerRequests` (
  `id` int(11) NOT NULL,
  `username` varchar(255) NOT NULL,
  `password` varchar(255) NOT NULL
) ENGINE=InnoDB DEFAULT CHARSET=utf8mb4 COLLATE=utf8mb4_general_ci;

-- --------------------------------------------------------

--
-- Tabellenstruktur für Tabelle `requestUpdateData`
--

CREATE TABLE `requestUpdateData` (
  `country_id` int(11) DEFAULT NULL,
  `id` int(11) NOT NULL,
  `country_name` varchar(255) NOT NULL,
  `year` int(11) NOT NULL,
  `emissions` decimal(20,2) NOT NULL,
  `fromUser` varchar(255) NOT NULL
) ENGINE=InnoDB DEFAULT CHARSET=utf8mb4 COLLATE=utf8mb4_general_ci;

-- --------------------------------------------------------

--
-- Tabellenstruktur für Tabelle `users`
--

CREATE TABLE `users` (
  `id` int(11) NOT NULL,
  `username` varchar(255) NOT NULL,
  `password` varchar(255) NOT NULL,
  `role` int(11) NOT NULL
) ENGINE=InnoDB DEFAULT CHARSET=utf8mb4 COLLATE=utf8mb4_general_ci;

--
-- Daten für Tabelle `users`
--

INSERT INTO `users` (`id`, `username`, `password`, `role`) VALUES
(1, 'publisher_admin', '$2a$10$fSgr5CxPE8GhO0SycTTqr.snmt9Oa/XzN8hqJnYEW7hcSTuX53W/e', 1),
(2, 'scientist_admin', '$2a$10$srYJFzXDmSN2Deit5gCyv..ITEXRX76FMuLAc1OsPwjdeuXT1G7qq', 0);

--
-- Indizes der exportierten Tabellen
--

--
-- Indizes für die Tabelle `countries`
--
ALTER TABLE `countries`
  ADD PRIMARY KEY (`id`),
  ADD UNIQUE KEY `name` (`name`);

--
-- Indizes für die Tabelle `Emissions`
--
ALTER TABLE `Emissions`
  ADD PRIMARY KEY (`id`),
  ADD KEY `fk_country_id` (`country_id`);

--
-- Indizes für die Tabelle `registerRequests`
--
ALTER TABLE `registerRequests`
  ADD PRIMARY KEY (`id`);

--
-- Indizes für die Tabelle `requestUpdateData`
--
ALTER TABLE `requestUpdateData`
  ADD PRIMARY KEY (`id`);

--
-- Indizes für die Tabelle `users`
--
ALTER TABLE `users`
  ADD PRIMARY KEY (`id`),
  ADD UNIQUE KEY `UK_23y4gd49ajvbqgl3psjsvhff6` (`username`);

--
-- AUTO_INCREMENT für exportierte Tabellen
--

--
-- AUTO_INCREMENT für Tabelle `countries`
--
ALTER TABLE `countries`
  MODIFY `id` int(11) NOT NULL AUTO_INCREMENT, AUTO_INCREMENT=194;

--
-- AUTO_INCREMENT für Tabelle `Emissions`
--
ALTER TABLE `Emissions`
  MODIFY `id` int(11) NOT NULL AUTO_INCREMENT, AUTO_INCREMENT=8194;

--
-- AUTO_INCREMENT für Tabelle `registerRequests`
--
ALTER TABLE `registerRequests`
  MODIFY `id` int(11) NOT NULL AUTO_INCREMENT, AUTO_INCREMENT=38;

--
-- AUTO_INCREMENT für Tabelle `requestUpdateData`
--
ALTER TABLE `requestUpdateData`
  MODIFY `id` int(11) NOT NULL AUTO_INCREMENT, AUTO_INCREMENT=47;

--
-- AUTO_INCREMENT für Tabelle `users`
--
ALTER TABLE `users`
  MODIFY `id` int(11) NOT NULL AUTO_INCREMENT, AUTO_INCREMENT=23;

--
-- Constraints der exportierten Tabellen
--

--
-- Constraints der Tabelle `Emissions`
--
ALTER TABLE `Emissions`
  ADD CONSTRAINT `FKilvql8ear3o4c9aoiffxyqafs` FOREIGN KEY (`country_id`) REFERENCES `countries` (`id`),
  ADD CONSTRAINT `fk_country_id` FOREIGN KEY (`country_id`) REFERENCES `countries` (`id`);
COMMIT;

/*!40101 SET CHARACTER_SET_CLIENT=@OLD_CHARACTER_SET_CLIENT */;
/*!40101 SET CHARACTER_SET_RESULTS=@OLD_CHARACTER_SET_RESULTS */;
/*!40101 SET COLLATION_CONNECTION=@OLD_COLLATION_CONNECTION */;
